StrategyName,TradeTime,Symbol,Quantity,Price,ExecutionCost,LiquidityAction,LiquidityCode,RawLiquidity,Account,Trader,MarketCenter,OrderID,ExecID,TransactionType
StopLossHunter_Initial_4,2021-Nov-05 13:43:12.604265,MSFT,-1,336.000000,0.008726,REMOVED,0,,SIM-1001-101,dlariviere,IEX,367700740145152,,FILL
StopLossHunter_Initial_4,2021-Nov-05 13:43:13.227950,MSFT,1,336.250000,0.001200,REMOVED,0,,SIM-1001-101,dlariviere,IEX,367700740145153,,FILL
StopLossHunter_Initial_4,2021-Nov-05 13:43:15.158448,MSFT,-1,336.130000,0.008729,REMOVED,0,,SIM-1001-101,dlariviere,IEX,367700740145154,,FILL
StopLossHunter_Initial_4,2021-Nov-05 13:43:25.226779,MSFT,1,336.160000,0.001200,REMOVED,0,,SIM-1001-101,dlariviere,IEX,367700740145155,,FILL
StopLossHunter_Initial_4,2021-Nov-05 13:43:35.882848,MSFT,-1,336.070000,0.008728,REMOVED,0,,SIM-1001-101,dlariviere,IEX,367700740145156,,FILL
StopLossHunter_Initial_4,2021-Nov-05 13:43:39.789476,MSFT,1,348.170000,0.001200,REMOVED,0,,SIM-1001-101,dlariviere,IEX,367700740145157,,FILL
StopLossHunter_Initial_4,2021-Nov-05 13:44:16.515214,MSFT,-1,336.000000,0.008726,REMOVED,0,,SIM-1001-101,dlariviere,IEX,367700740145158,,FILL
StopLossHunter_Initial_4,2021-Nov-05 13:44:20.724115,MSFT,1,348.170000,0.001200,REMOVED,0,,SIM-1001-101,dlariviere,IEX,367700740145159,,FILL
StopLossHunter_Initial_4,2021-Nov-05 13:44:48.068218,MSFT,-1,333.880000,0.008679,REMOVED,0,,SIM-1001-101,dlariviere,IEX,367700740145160,,FILL
StopLossHunter_Initial_4,2021-Nov-05 13:44:51.059877,MSFT,1,336.120000,0.001200,REMOVED,0,,SIM-1001-101,dlariviere,IEX,367700740145161,,FILL
StopLossHunter_Initial_4,2021-Nov-05 14:02:28.810492,MSFT,1,337.470000,0.001200,REMOVED,0,,SIM-1001-101,dlariviere,IEX,367700740145162,,FILL
StopLossHunter_Initial_4,2021-Nov-05 14:02:41.647728,MSFT,-1,337.510000,0.008760,REMOVED,0,,SIM-1001-101,dlariviere,IEX,367700740145163,,FILL
StopLossHunter_Initial_4,2021-Nov-05 14:02:45.337114,MSFT,1,337.590000,0.001200,REMOVED,0,,SIM-1001-101,dlariviere,IEX,367700740145164,,FILL
StopLossHunter_Initial_4,2021-Nov-05 14:02:55.409192,MSFT,-1,337.520000,0.008760,REMOVED,0,,SIM-1001-101,dlariviere,IEX,367700740145165,,FILL
StopLossHunter_Initial_4,2021-Nov-05 14:03:02.927675,MSFT,1,337.730000,0.001200,REMOVED,0,,SIM-1001-101,dlariviere,IEX,367700740145166,,FILL
StopLossHunter_Initial_4,2021-Nov-05 14:03:21.476346,MSFT,-1,337.660000,0.008764,REMOVED,0,,SIM-1001-101,dlariviere,IEX,367700740145167,,FILL
StopLossHunter_Initial_4,2021-Nov-05 14:03:53.586938,MSFT,1,337.740000,0.001200,REMOVED,0,,SIM-1001-101,dlariviere,IEX,367700740145168,,FILL
StopLossHunter_Initial_4,2021-Nov-05 14:03:58.066213,MSFT,-1,337.600000,0.008762,REMOVED,0,,SIM-1001-101,dlariviere,IEX,367700740145169,,FILL
StopLossHunter_Initial_4,2021-Nov-05 14:58:07.140836,MSFT,-1,336.970000,0.008748,REMOVED,0,,SIM-1001-101,dlariviere,IEX,367700740145170,,FILL
StopLossHunter_Initial_4,2021-Nov-05 14:58:22.026039,MSFT,1,337.030000,0.001200,REMOVED,0,,SIM-1001-101,dlariviere,IEX,367700740145171,,FILL
StopLossHunter_Initial_4,2021-Nov-05 14:58:31.548836,MSFT,-1,336.940000,0.008747,REMOVED,0,,SIM-1001-101,dlariviere,IEX,367700740145172,,FILL
StopLossHunter_Initial_4,2021-Nov-05 14:58:36.520659,MSFT,1,336.980000,0.001200,REMOVED,0,,SIM-1001-101,dlariviere,IEX,367700740145173,,FILL
StopLossHunter_Initial_4,2021-Nov-05 14:58:40.040207,MSFT,-1,336.940000,0.008747,REMOVED,0,,SIM-1001-101,dlariviere,IEX,367700740145174,,FILL
StopLossHunter_Initial_4,2021-Nov-05 14:58:50.643575,MSFT,1,337.010000,0.001200,REMOVED,0,,SIM-1001-101,dlariviere,IEX,367700740145175,,FILL
StopLossHunter_Initial_4,2021-Nov-05 14:58:52.864068,MSFT,-1,336.970000,0.008748,REMOVED,0,,SIM-1001-101,dlariviere,IEX,367700740145176,,FILL
StopLossHunter_Initial_4,2021-Nov-05 14:59:05.936646,MSFT,1,337.050000,0.001200,REMOVED,0,,SIM-1001-101,dlariviere,IEX,367700740145177,,FILL
StopLossHunter_Initial_4,2021-Nov-05 14:59:32.678042,MSFT,-1,336.970000,0.008748,REMOVED,0,,SIM-1001-101,dlariviere,IEX,367700740145178,,FILL
StopLossHunter_Initial_4,2021-Nov-05 14:59:38.076555,MSFT,1,337.010000,0.001200,REMOVED,0,,SIM-1001-101,dlariviere,IEX,367700740145179,,FILL
StopLossHunter_Initial_4,2021-Nov-05 14:59:53.905300,MSFT,-1,336.940000,0.008747,REMOVED,0,,SIM-1001-101,dlariviere,IEX,367700740145180,,FILL
StopLossHunter_Initial_4,2021-Nov-05 14:59:55.577136,MSFT,1,336.980000,0.001200,REMOVED,0,,SIM-1001-101,dlariviere,IEX,367700740145181,,FILL
StopLossHunter_Initial_4,2021-Nov-05 14:59:57.596866,MSFT,-1,336.960000,0.008748,REMOVED,0,,SIM-1001-101,dlariviere,IEX,367700740145182,,FILL
StopLossHunter_Initial_4,2021-Nov-05 14:59:59.310011,MSFT,1,337.010000,0.001200,REMOVED,0,,SIM-1001-101,dlariviere,IEX,367700740145183,,FILL
StopLossHunter_Initial_4,2021-Nov-05 15:00:29.925957,MSFT,-1,336.940000,0.008747,REMOVED,0,,SIM-1001-101,dlariviere,IEX,367700740145184,,FILL
StopLossHunter_Initial_4,2021-Nov-05 15:00:36.891467,MSFT,1,336.990000,0.001200,REMOVED,0,,SIM-1001-101,dlariviere,IEX,367700740145185,,FILL
StopLossHunter_Initial_4,2021-Nov-05 15:00:39.080472,MSFT,-1,336.930000,0.008747,REMOVED,0,,SIM-1001-101,dlariviere,IEX,367700740145186,,FILL
StopLossHunter_Initial_4,2021-Nov-05 15:00:45.295051,MSFT,1,336.890000,0.001200,REMOVED,0,,SIM-1001-101,dlariviere,IEX,367700740145187,,FILL
StopLossHunter_Initial_4,2021-Nov-05 15:00:46.592774,MSFT,-1,336.860000,0.008746,REMOVED,0,,SIM-1001-101,dlariviere,IEX,367700740145188,,FILL
StopLossHunter_Initial_4,2021-Nov-05 15:00:55.198906,MSFT,1,336.950000,0.001200,REMOVED,0,,SIM-1001-101,dlariviere,IEX,367700740145189,,FILL
StopLossHunter_Initial_4,2021-Nov-05 15:00:58.698492,MSFT,-1,336.820000,0.008745,REMOVED,0,,SIM-1001-101,dlariviere,IEX,367700740145190,,FILL
StopLossHunter_Initial_4,2021-Nov-05 15:01:02.588113,MSFT,1,336.920000,0.001200,REMOVED,0,,SIM-1001-101,dlariviere,IEX,367700740145191,,FILL
StopLossHunter_Initial_4,2021-Nov-05 15:01:04.430017,MSFT,-1,336.880000,0.008746,REMOVED,0,,SIM-1001-101,dlariviere,IEX,367700740145192,,FILL
StopLossHunter_Initial_4,2021-Nov-05 15:01:14.866633,MSFT,1,336.930000,0.001200,REMOVED,0,,SIM-1001-101,dlariviere,IEX,367700740145193,,FILL
StopLossHunter_Initial_4,2021-Nov-05 15:01:56.709227,MSFT,-1,336.870000,0.008746,REMOVED,0,,SIM-1001-101,dlariviere,IEX,367700740145194,,FILL
StopLossHunter_Initial_4,2021-Nov-05 15:02:17.852910,MSFT,1,336.920000,0.001200,REMOVED,0,,SIM-1001-101,dlariviere,IEX,367700740145195,,FILL
StopLossHunter_Initial_4,2021-Nov-05 15:02:55.558870,MSFT,-1,336.820000,0.008745,REMOVED,0,,SIM-1001-101,dlariviere,IEX,367700740145196,,FILL
StopLossHunter_Initial_4,2021-Nov-05 15:03:14.937131,MSFT,1,336.770000,0.001200,REMOVED,0,,SIM-1001-101,dlariviere,IEX,367700740145197,,FILL
StopLossHunter_Initial_4,2021-Nov-05 15:03:16.094568,MSFT,-1,336.740000,0.008743,REMOVED,0,,SIM-1001-101,dlariviere,IEX,367700740145198,,FILL
StopLossHunter_Initial_4,2021-Nov-05 15:03:24.812372,MSFT,1,336.700000,0.001200,REMOVED,0,,SIM-1001-101,dlariviere,IEX,367700740145199,,FILL
StopLossHunter_Initial_4,2021-Nov-05 15:03:27.033969,MSFT,-1,336.700000,0.008742,REMOVED,0,,SIM-1001-101,dlariviere,IEX,367700740145200,,FILL
StopLossHunter_Initial_4,2021-Nov-05 15:03:58.723779,MSFT,1,336.680000,0.001200,REMOVED,0,,SIM-1001-101,dlariviere,IEX,367700740145201,,FILL
StopLossHunter_Initial_4,2021-Nov-05 15:04:07.189148,MSFT,-1,336.590000,0.008740,REMOVED,0,,SIM-1001-101,dlariviere,IEX,367700740145202,,FILL
StopLossHunter_Initial_4,2021-Nov-05 15:04:09.057649,MSFT,1,336.620000,0.001200,REMOVED,0,,SIM-1001-101,dlariviere,IEX,367700740145203,,FILL
StopLossHunter_Initial_4,2021-Nov-05 15:04:10.217879,MSFT,-1,336.610000,0.008740,REMOVED,0,,SIM-1001-101,dlariviere,IEX,367700740145204,,FILL
StopLossHunter_Initial_4,2021-Nov-05 15:04:19.264321,MSFT,1,336.650000,0.001200,REMOVED,0,,SIM-1001-101,dlariviere,IEX,367700740145205,,FILL
StopLossHunter_Initial_4,2021-Nov-05 15:04:22.600783,MSFT,-1,336.610000,0.008740,REMOVED,0,,SIM-1001-101,dlariviere,IEX,367700740145206,,FILL
StopLossHunter_Initial_4,2021-Nov-05 15:04:26.039951,MSFT,1,336.650000,0.001200,REMOVED,0,,SIM-1001-101,dlariviere,IEX,367700740145207,,FILL
StopLossHunter_Initial_4,2021-Nov-05 15:26:35.568686,MSFT,-1,336.600000,0.008740,REMOVED,0,,SIM-1001-101,dlariviere,IEX,367700740145208,,FILL
StopLossHunter_Initial_4,2021-Nov-05 15:27:11.929927,MSFT,1,336.540000,0.001200,REMOVED,0,,SIM-1001-101,dlariviere,IEX,367700740145209,,FILL
StopLossHunter_Initial_4,2021-Nov-05 15:27:11.929988,MSFT,-1,336.510000,0.008738,REMOVED,0,,SIM-1001-101,dlariviere,IEX,367700740145210,,FILL
StopLossHunter_Initial_4,2021-Nov-05 15:27:11.929988,MSFT,1,336.540000,0.001200,REMOVED,0,,SIM-1001-101,dlariviere,IEX,367700740145211,,FILL
StopLossHunter_Initial_4,2021-Nov-05 15:27:13.331760,MSFT,-1,336.530000,0.008738,REMOVED,0,,SIM-1001-101,dlariviere,IEX,367700740145212,,FILL
StopLossHunter_Initial_4,2021-Nov-05 15:27:14.572756,MSFT,1,336.650000,0.001200,REMOVED,0,,SIM-1001-101,dlariviere,IEX,367700740145213,,FILL
StopLossHunter_Initial_4,2021-Nov-05 15:27:19.617977,MSFT,-1,336.520000,0.008738,REMOVED,0,,SIM-1001-101,dlariviere,IEX,367700740145214,,FILL
StopLossHunter_Initial_4,2021-Nov-05 15:28:15.178565,MSFT,1,336.510000,0.001200,REMOVED,0,,SIM-1001-101,dlariviere,IEX,367700740145215,,FILL
StopLossHunter_Initial_4,2021-Nov-05 15:28:15.178646,MSFT,-1,333.000000,0.008659,REMOVED,0,,SIM-1001-101,dlariviere,IEX,367700740145216,,FILL
StopLossHunter_Initial_4,2021-Nov-05 15:28:19.793331,MSFT,1,336.410000,0.001200,REMOVED,0,,SIM-1001-101,dlariviere,IEX,367700740145217,,FILL
StopLossHunter_Initial_4,2021-Nov-05 15:28:19.793363,MSFT,-1,333.000000,0.008659,REMOVED,0,,SIM-1001-101,dlariviere,IEX,367700740145218,,FILL
StopLossHunter_Initial_4,2021-Nov-05 15:28:24.242373,MSFT,1,336.510000,0.001200,REMOVED,0,,SIM-1001-101,dlariviere,IEX,367700740145219,,FILL
StopLossHunter_Initial_4,2021-Nov-05 15:28:24.242373,MSFT,-1,333.000000,0.008659,REMOVED,0,,SIM-1001-101,dlariviere,IEX,367700740145220,,FILL
StopLossHunter_Initial_4,2021-Nov-05 15:28:28.379744,MSFT,1,336.420000,0.001200,REMOVED,0,,SIM-1001-101,dlariviere,IEX,367700740145221,,FILL
StopLossHunter_Initial_4,2021-Nov-05 15:28:28.379755,MSFT,-1,336.380000,0.008735,REMOVED,0,,SIM-1001-101,dlariviere,IEX,367700740145222,,FILL
StopLossHunter_Initial_4,2021-Nov-05 15:28:32.428524,MSFT,1,336.420000,0.001200,REMOVED,0,,SIM-1001-101,dlariviere,IEX,367700740145223,,FILL
StopLossHunter_Initial_4,2021-Nov-05 15:28:36.291024,MSFT,-1,336.310000,0.008733,REMOVED,0,,SIM-1001-101,dlariviere,IEX,367700740145224,,FILL
StopLossHunter_Initial_4,2021-Nov-05 15:29:33.786988,MSFT,1,336.230000,0.001200,REMOVED,0,,SIM-1001-101,dlariviere,IEX,367700740145225,,FILL
StopLossHunter_Initial_4,2021-Nov-05 15:29:33.787004,MSFT,-1,336.190000,0.008731,REMOVED,0,,SIM-1001-101,dlariviere,IEX,367700740145226,,FILL
StopLossHunter_Initial_4,2021-Nov-05 15:29:38.865094,MSFT,1,336.230000,0.001200,REMOVED,0,,SIM-1001-101,dlariviere,IEX,367700740145227,,FILL
StopLossHunter_Initial_4,2021-Nov-05 15:29:42.287951,MSFT,-1,333.000000,0.008659,REMOVED,0,,SIM-1001-101,dlariviere,IEX,367700740145228,,FILL
StopLossHunter_Initial_4,2021-Nov-05 15:29:42.349005,MSFT,1,336.220000,0.001200,REMOVED,0,,SIM-1001-101,dlariviere,IEX,367700740145229,,FILL
StopLossHunter_Initial_4,2021-Nov-05 15:29:43.265196,MSFT,-1,333.000000,0.008659,REMOVED,0,,SIM-1001-101,dlariviere,IEX,367700740145230,,FILL
StopLossHunter_Initial_4,2021-Nov-05 15:29:48.337121,MSFT,1,336.200000,0.001200,REMOVED,0,,SIM-1001-101,dlariviere,IEX,367700740145231,,FILL
StopLossHunter_Initial_4,2021-Nov-05 15:29:48.337263,MSFT,-1,333.000000,0.008659,REMOVED,0,,SIM-1001-101,dlariviere,IEX,367700740145232,,FILL
StopLossHunter_Initial_4,2021-Nov-05 15:29:48.337739,MSFT,1,336.350000,0.001200,REMOVED,0,,SIM-1001-101,dlariviere,IEX,367700740145233,,FILL
StopLossHunter_Initial_4,2021-Nov-05 15:29:48.337746,MSFT,-1,333.000000,0.008659,REMOVED,0,,SIM-1001-101,dlariviere,IEX,367700740145234,,FILL
StopLossHunter_Initial_4,2021-Nov-05 15:29:50.745157,MSFT,1,336.230000,0.001200,REMOVED,0,,SIM-1001-101,dlariviere,IEX,367700740145235,,FILL
StopLossHunter_Initial_4,2021-Nov-05 15:30:02.088369,MSFT,-1,336.190000,0.008731,REMOVED,0,,SIM-1001-101,dlariviere,IEX,367700740145236,,FILL
StopLossHunter_Initial_4,2021-Nov-05 15:30:04.276111,MSFT,1,336.250000,0.001200,REMOVED,0,,SIM-1001-101,dlariviere,IEX,367700740145237,,FILL
StopLossHunter_Initial_4,2021-Nov-05 15:30:09.224802,MSFT,-1,336.190000,0.008731,REMOVED,0,,SIM-1001-101,dlariviere,IEX,367700740145238,,FILL
StopLossHunter_Initial_4,2021-Nov-05 15:30:15.296302,MSFT,1,336.350000,0.001200,REMOVED,0,,SIM-1001-101,dlariviere,IEX,367700740145239,,FILL
StopLossHunter_Initial_4,2021-Nov-05 15:48:09.970254,MSFT,1,337.300000,0.001200,REMOVED,0,,SIM-1001-101,dlariviere,IEX,367700740145240,,FILL
StopLossHunter_Initial_4,2021-Nov-05 15:48:44.807461,MSFT,-1,337.260000,0.008755,REMOVED,0,,SIM-1001-101,dlariviere,IEX,367700740145241,,FILL
StopLossHunter_Initial_4,2021-Nov-05 15:48:44.807473,MSFT,1,337.350000,0.001200,REMOVED,0,,SIM-1001-101,dlariviere,IEX,367700740145242,,FILL
StopLossHunter_Initial_4,2021-Nov-05 15:49:00.435177,MSFT,-1,337.410000,0.008758,REMOVED,0,,SIM-1001-101,dlariviere,IEX,367700740145243,,FILL
StopLossHunter_Initial_4,2021-Nov-05 15:49:00.573127,MSFT,1,337.470000,0.001200,REMOVED,0,,SIM-1001-101,dlariviere,IEX,367700740145244,,FILL
StopLossHunter_Initial_4,2021-Nov-05 15:49:02.677420,MSFT,-1,337.390000,0.008758,REMOVED,0,,SIM-1001-101,dlariviere,IEX,367700740145245,,FILL
StopLossHunter_Initial_4,2021-Nov-05 15:49:02.677427,MSFT,1,337.420000,0.001200,REMOVED,0,,SIM-1001-101,dlariviere,IEX,367700740145246,,FILL
StopLossHunter_Initial_4,2021-Nov-05 15:49:26.098109,MSFT,-1,337.480000,0.008760,REMOVED,0,,SIM-1001-101,dlariviere,IEX,367700740145247,,FILL
StopLossHunter_Initial_4,2021-Nov-05 15:49:26.098127,MSFT,1,338.750000,0.001200,REMOVED,0,,SIM-1001-101,dlariviere,IEX,367700740145248,,FILL
StopLossHunter_Initial_4,2021-Nov-05 15:49:28.354096,MSFT,-1,337.390000,0.008758,REMOVED,0,,SIM-1001-101,dlariviere,IEX,367700740145249,,FILL
StopLossHunter_Initial_4,2021-Nov-05 15:49:28.630756,MSFT,1,337.540000,0.001200,REMOVED,0,,SIM-1001-101,dlariviere,IEX,367700740145250,,FILL
StopLossHunter_Initial_4,2021-Nov-05 15:49:30.997786,MSFT,-1,333.000000,0.008659,REMOVED,0,,SIM-1001-101,dlariviere,IEX,367700740145251,,FILL
StopLossHunter_Initial_4,2021-Nov-05 15:49:31.964553,MSFT,1,338.750000,0.001200,REMOVED,0,,SIM-1001-101,dlariviere,IEX,367700740145252,,FILL
StopLossHunter_Initial_4,2021-Nov-05 15:49:32.190030,MSFT,-1,337.530000,0.008761,REMOVED,0,,SIM-1001-101,dlariviere,IEX,367700740145253,,FILL
StopLossHunter_Initial_4,2021-Nov-05 15:49:32.400055,MSFT,1,338.750000,0.001200,REMOVED,0,,SIM-1001-101,dlariviere,IEX,367700740145254,,FILL
StopLossHunter_Initial_4,2021-Nov-05 15:49:33.100626,MSFT,-1,333.000000,0.008659,REMOVED,0,,SIM-1001-101,dlariviere,IEX,367700740145255,,FILL
StopLossHunter_Initial_4,2021-Nov-05 15:49:44.692654,MSFT,1,338.750000,0.001200,REMOVED,0,,SIM-1001-101,dlariviere,IEX,367700740145256,,FILL
StopLossHunter_Initial_4,2021-Nov-05 15:49:45.901075,MSFT,-1,337.460000,0.008759,REMOVED,0,,SIM-1001-101,dlariviere,IEX,367700740145257,,FILL
StopLossHunter_Initial_4,2021-Nov-05 15:49:48.476748,MSFT,1,337.530000,0.001200,REMOVED,0,,SIM-1001-101,dlariviere,IEX,367700740145258,,FILL
StopLossHunter_Initial_4,2021-Nov-05 15:49:51.810341,MSFT,-1,333.000000,0.008659,REMOVED,0,,SIM-1001-101,dlariviere,IEX,367700740145259,,FILL
StopLossHunter_Initial_4,2021-Nov-05 15:51:10.187979,MSFT,1,337.520000,0.001200,REMOVED,0,,SIM-1001-101,dlariviere,IEX,367700740145260,,FILL
StopLossHunter_Initial_4,2021-Nov-05 15:51:17.503770,MSFT,-1,333.000000,0.008659,REMOVED,0,,SIM-1001-101,dlariviere,IEX,367700740145261,,FILL
StopLossHunter_Initial_4,2021-Nov-05 16:24:41.029652,MSFT,-1,336.380000,0.008735,REMOVED,0,,SIM-1001-101,dlariviere,IEX,367700740145262,,FILL
StopLossHunter_Initial_4,2021-Nov-05 16:24:41.955512,MSFT,1,336.440000,0.001200,REMOVED,0,,SIM-1001-101,dlariviere,IEX,367700740145263,,FILL
StopLossHunter_Initial_4,2021-Nov-05 16:24:52.722597,MSFT,-1,333.000000,0.008659,REMOVED,0,,SIM-1001-101,dlariviere,IEX,367700740145264,,FILL
StopLossHunter_Initial_4,2021-Nov-05 16:24:53.554972,MSFT,1,336.370000,0.001200,REMOVED,0,,SIM-1001-101,dlariviere,IEX,367700740145265,,FILL
StopLossHunter_Initial_4,2021-Nov-05 16:24:58.629121,MSFT,-1,333.000000,0.008659,REMOVED,0,,SIM-1001-101,dlariviere,IEX,367700740145266,,FILL
StopLossHunter_Initial_4,2021-Nov-05 16:24:58.629658,MSFT,1,336.380000,0.001200,REMOVED,0,,SIM-1001-101,dlariviere,IEX,367700740145267,,FILL
StopLossHunter_Initial_4,2021-Nov-05 16:25:03.527319,MSFT,-1,333.000000,0.008659,REMOVED,0,,SIM-1001-101,dlariviere,IEX,367700740145268,,FILL
StopLossHunter_Initial_4,2021-Nov-05 16:25:08.667090,MSFT,1,336.380000,0.001200,REMOVED,0,,SIM-1001-101,dlariviere,IEX,367700740145269,,FILL
StopLossHunter_Initial_4,2021-Nov-05 16:25:13.802544,MSFT,-1,336.360000,0.008734,REMOVED,0,,SIM-1001-101,dlariviere,IEX,367700740145270,,FILL
StopLossHunter_Initial_4,2021-Nov-05 16:25:24.566244,MSFT,1,336.320000,0.001200,REMOVED,0,,SIM-1001-101,dlariviere,IEX,367700740145271,,FILL
StopLossHunter_Initial_4,2021-Nov-05 16:25:25.052986,MSFT,-1,333.000000,0.008659,REMOVED,0,,SIM-1001-101,dlariviere,IEX,367700740145272,,FILL
StopLossHunter_Initial_4,2021-Nov-05 16:25:25.053654,MSFT,1,338.750000,0.001200,REMOVED,0,,SIM-1001-101,dlariviere,IEX,367700740145273,,FILL
StopLossHunter_Initial_4,2021-Nov-05 16:25:34.870273,MSFT,-1,333.000000,0.008659,REMOVED,0,,SIM-1001-101,dlariviere,IEX,367700740145274,,FILL
StopLossHunter_Initial_4,2021-Nov-05 16:25:34.970086,MSFT,1,338.750000,0.001200,REMOVED,0,,SIM-1001-101,dlariviere,IEX,367700740145275,,FILL
StopLossHunter_Initial_4,2021-Nov-05 16:25:38.760517,MSFT,-1,336.300000,0.008733,REMOVED,0,,SIM-1001-101,dlariviere,IEX,367700740145276,,FILL
StopLossHunter_Initial_4,2021-Nov-05 16:25:47.721969,MSFT,1,338.750000,0.001200,REMOVED,0,,SIM-1001-101,dlariviere,IEX,367700740145277,,FILL
StopLossHunter_Initial_4,2021-Nov-05 16:25:55.208617,MSFT,-1,333.000000,0.008659,REMOVED,0,,SIM-1001-101,dlariviere,IEX,367700740145278,,FILL
StopLossHunter_Initial_4,2021-Nov-05 16:25:57.026317,MSFT,1,338.750000,0.001200,REMOVED,0,,SIM-1001-101,dlariviere,IEX,367700740145279,,FILL
StopLossHunter_Initial_4,2021-Nov-05 16:33:42.964054,MSFT,-1,336.330000,0.008734,REMOVED,0,,SIM-1001-101,dlariviere,IEX,367700740145280,,FILL
StopLossHunter_Initial_4,2021-Nov-05 16:33:44.365664,MSFT,1,338.750000,0.001200,REMOVED,0,,SIM-1001-101,dlariviere,IEX,367700740145281,,FILL
StopLossHunter_Initial_4,2021-Nov-05 16:37:49.323956,MSFT,-1,336.250000,0.008732,REMOVED,0,,SIM-1001-101,dlariviere,IEX,367700740145282,,FILL
StopLossHunter_Initial_4,2021-Nov-05 16:38:18.902752,MSFT,1,336.340000,0.001200,REMOVED,0,,SIM-1001-101,dlariviere,IEX,367700740145283,,FILL
StopLossHunter_Initial_4,2021-Nov-05 16:38:25.090885,MSFT,-1,336.190000,0.008731,REMOVED,0,,SIM-1001-101,dlariviere,IEX,367700740145284,,FILL
StopLossHunter_Initial_4,2021-Nov-05 16:38:37.789451,MSFT,1,336.140000,0.001200,REMOVED,0,,SIM-1001-101,dlariviere,IEX,367700740145285,,FILL
StopLossHunter_Initial_4,2021-Nov-05 16:38:50.881009,MSFT,-1,336.140000,0.008730,REMOVED,0,,SIM-1001-101,dlariviere,IEX,367700740145286,,FILL
StopLossHunter_Initial_4,2021-Nov-05 16:38:59.599974,MSFT,1,336.210000,0.001200,REMOVED,0,,SIM-1001-101,dlariviere,IEX,367700740145287,,FILL
StopLossHunter_Initial_4,2021-Nov-05 16:38:59.837170,MSFT,-1,336.160000,0.008730,REMOVED,0,,SIM-1001-101,dlariviere,IEX,367700740145288,,FILL
StopLossHunter_Initial_4,2021-Nov-05 16:39:20.918780,MSFT,1,336.210000,0.001200,REMOVED,0,,SIM-1001-101,dlariviere,IEX,367700740145289,,FILL
StopLossHunter_Initial_4,2021-Nov-05 16:49:28.069891,MSFT,-1,336.150000,0.008730,REMOVED,0,,SIM-1001-101,dlariviere,IEX,367700740145290,,FILL
StopLossHunter_Initial_4,2021-Nov-05 16:49:35.593772,MSFT,1,338.750000,0.001200,REMOVED,0,,SIM-1001-101,dlariviere,IEX,367700740145291,,FILL
StopLossHunter_Initial_4,2021-Nov-05 16:49:37.255453,MSFT,-1,336.000000,0.008726,REMOVED,0,,SIM-1001-101,dlariviere,IEX,367700740145292,,FILL
StopLossHunter_Initial_4,2021-Nov-05 16:49:37.262750,MSFT,1,338.750000,0.001200,REMOVED,0,,SIM-1001-101,dlariviere,IEX,367700740145293,,FILL
StopLossHunter_Initial_4,2021-Nov-05 16:50:02.076898,MSFT,-1,336.000000,0.008726,REMOVED,0,,SIM-1001-101,dlariviere,IEX,367700740145294,,FILL
StopLossHunter_Initial_4,2021-Nov-05 16:50:02.076930,MSFT,1,336.110000,0.001200,REMOVED,0,,SIM-1001-101,dlariviere,IEX,367700740145295,,FILL
StopLossHunter_Initial_4,2021-Nov-05 16:50:03.772852,MSFT,-1,336.100000,0.008729,REMOVED,0,,SIM-1001-101,dlariviere,IEX,367700740145296,,FILL
StopLossHunter_Initial_4,2021-Nov-05 16:50:19.706813,MSFT,1,336.200000,0.001200,REMOVED,0,,SIM-1001-101,dlariviere,IEX,367700740145297,,FILL
StopLossHunter_Initial_4,2021-Nov-05 16:51:07.883372,MSFT,-1,336.090000,0.008728,REMOVED,0,,SIM-1001-101,dlariviere,IEX,367700740145298,,FILL
StopLossHunter_Initial_4,2021-Nov-05 16:51:21.003785,MSFT,1,336.150000,0.001200,REMOVED,0,,SIM-1001-101,dlariviere,IEX,367700740145299,,FILL
StopLossHunter_Initial_4,2021-Nov-05 16:57:50.726418,MSFT,-1,336.000000,0.008726,REMOVED,0,,SIM-1001-101,dlariviere,IEX,367700740145300,,FILL
StopLossHunter_Initial_4,2021-Nov-05 16:57:50.880986,MSFT,1,336.120000,0.001200,REMOVED,0,,SIM-1001-101,dlariviere,IEX,367700740145301,,FILL
StopLossHunter_Initial_4,2021-Nov-05 16:57:57.202833,MSFT,-1,336.060000,0.008728,REMOVED,0,,SIM-1001-101,dlariviere,IEX,367700740145302,,FILL
StopLossHunter_Initial_4,2021-Nov-05 16:58:15.593832,MSFT,1,336.160000,0.001200,REMOVED,0,,SIM-1001-101,dlariviere,IEX,367700740145303,,FILL
StopLossHunter_Initial_4,2021-Nov-05 16:58:27.056155,MSFT,-1,336.090000,0.008728,REMOVED,0,,SIM-1001-101,dlariviere,IEX,367700740145304,,FILL
StopLossHunter_Initial_4,2021-Nov-05 16:58:47.003339,MSFT,1,336.160000,0.001200,REMOVED,0,,SIM-1001-101,dlariviere,IEX,367700740145305,,FILL
StopLossHunter_Initial_4,2021-Nov-05 17:07:14.066891,MSFT,-1,336.070000,0.008728,REMOVED,0,,SIM-1001-101,dlariviere,IEX,367700740145306,,FILL
StopLossHunter_Initial_4,2021-Nov-05 17:07:19.655025,MSFT,1,336.150000,0.001200,REMOVED,0,,SIM-1001-101,dlariviere,IEX,367700740145307,,FILL
StopLossHunter_Initial_4,2021-Nov-05 17:07:27.432276,MSFT,-1,336.090000,0.008728,REMOVED,0,,SIM-1001-101,dlariviere,IEX,367700740145308,,FILL
StopLossHunter_Initial_4,2021-Nov-05 17:07:30.015375,MSFT,1,336.130000,0.001200,REMOVED,0,,SIM-1001-101,dlariviere,IEX,367700740145309,,FILL
StopLossHunter_Initial_4,2021-Nov-05 17:07:54.425899,MSFT,-1,336.090000,0.008728,REMOVED,0,,SIM-1001-101,dlariviere,IEX,367700740145310,,FILL
StopLossHunter_Initial_4,2021-Nov-05 17:08:00.704628,MSFT,1,336.120000,0.001200,REMOVED,0,,SIM-1001-101,dlariviere,IEX,367700740145311,,FILL
StopLossHunter_Initial_4,2021-Nov-05 17:09:14.297699,MSFT,-1,336.090000,0.008728,REMOVED,0,,SIM-1001-101,dlariviere,IEX,367700740145312,,FILL
StopLossHunter_Initial_4,2021-Nov-05 17:09:57.153777,MSFT,1,336.040000,0.001200,REMOVED,0,,SIM-1001-101,dlariviere,IEX,367700740145313,,FILL
StopLossHunter_Initial_4,2021-Nov-05 17:09:57.153875,MSFT,-1,336.000000,0.008726,REMOVED,0,,SIM-1001-101,dlariviere,IEX,367700740145314,,FILL
StopLossHunter_Initial_4,2021-Nov-05 17:09:59.060243,MSFT,1,336.050000,0.001200,REMOVED,0,,SIM-1001-101,dlariviere,IEX,367700740145315,,FILL
StopLossHunter_Initial_4,2021-Nov-05 17:10:30.408525,MSFT,-1,335.550000,0.008716,REMOVED,0,,SIM-1001-101,dlariviere,IEX,367700740145316,,FILL
StopLossHunter_Initial_4,2021-Nov-05 17:10:30.807226,MSFT,1,337.000000,0.001200,REMOVED,0,,SIM-1001-101,dlariviere,IEX,367700740145317,,FILL
StopLossHunter_Initial_4,2021-Nov-05 17:10:31.966027,MSFT,-1,335.550000,0.008716,REMOVED,0,,SIM-1001-101,dlariviere,IEX,367700740145318,,FILL
StopLossHunter_Initial_4,2021-Nov-05 17:10:31.966042,MSFT,1,336.000000,0.001200,REMOVED,0,,SIM-1001-101,dlariviere,IEX,367700740145319,,FILL
StopLossHunter_Initial_4,2021-Nov-05 17:10:31.970136,MSFT,-1,335.550000,0.008716,REMOVED,0,,SIM-1001-101,dlariviere,IEX,367700740145320,,FILL
StopLossHunter_Initial_4,2021-Nov-05 17:10:31.970919,MSFT,1,337.000000,0.001200,REMOVED,0,,SIM-1001-101,dlariviere,IEX,367700740145321,,FILL
StopLossHunter_Initial_4,2021-Nov-05 17:10:34.861058,MSFT,-1,335.550000,0.008716,REMOVED,0,,SIM-1001-101,dlariviere,IEX,367700740145322,,FILL
StopLossHunter_Initial_4,2021-Nov-05 17:10:34.861704,MSFT,1,337.000000,0.001200,REMOVED,0,,SIM-1001-101,dlariviere,IEX,367700740145323,,FILL
StopLossHunter_Initial_4,2021-Nov-05 17:10:35.653934,MSFT,-1,335.550000,0.008716,REMOVED,0,,SIM-1001-101,dlariviere,IEX,367700740145324,,FILL
StopLossHunter_Initial_4,2021-Nov-05 17:10:36.546646,MSFT,1,335.960000,0.001200,REMOVED,0,,SIM-1001-101,dlariviere,IEX,367700740145325,,FILL
StopLossHunter_Initial_4,2021-Nov-05 17:10:36.553637,MSFT,-1,335.550000,0.008716,REMOVED,0,,SIM-1001-101,dlariviere,IEX,367700740145326,,FILL
StopLossHunter_Initial_4,2021-Nov-05 17:10:38.397264,MSFT,1,337.000000,0.001200,REMOVED,0,,SIM-1001-101,dlariviere,IEX,367700740145327,,FILL
StopLossHunter_Initial_4,2021-Nov-05 17:10:44.726516,MSFT,-1,335.900000,0.008724,REMOVED,0,,SIM-1001-101,dlariviere,IEX,367700740145328,,FILL
StopLossHunter_Initial_4,2021-Nov-05 17:11:14.263353,MSFT,1,336.000000,0.001200,REMOVED,0,,SIM-1001-101,dlariviere,IEX,367700740145329,,FILL
StopLossHunter_Initial_4,2021-Nov-05 17:11:23.558811,MSFT,-1,335.840000,0.008723,REMOVED,0,,SIM-1001-101,dlariviere,IEX,367700740145330,,FILL
StopLossHunter_Initial_4,2021-Nov-05 17:11:31.641495,MSFT,1,337.000000,0.001200,REMOVED,0,,SIM-1001-101,dlariviere,IEX,367700740145331,,FILL
StopLossHunter_Initial_4,2021-Nov-05 17:23:19.786767,MSFT,-1,335.550000,0.008716,REMOVED,0,,SIM-1001-101,dlariviere,IEX,367700740145332,,FILL
StopLossHunter_Initial_4,2021-Nov-05 17:23:20.029728,MSFT,1,335.770000,0.001200,REMOVED,0,,SIM-1001-101,dlariviere,IEX,367700740145333,,FILL
StopLossHunter_Initial_4,2021-Nov-05 17:23:35.862407,MSFT,-1,335.550000,0.008716,REMOVED,0,,SIM-1001-101,dlariviere,IEX,367700740145334,,FILL
StopLossHunter_Initial_4,2021-Nov-05 17:23:42.306864,MSFT,1,335.810000,0.001200,REMOVED,0,,SIM-1001-101,dlariviere,IEX,367700740145335,,FILL
StopLossHunter_Initial_4,2021-Nov-05 17:24:30.190221,MSFT,-1,335.770000,0.008721,REMOVED,0,,SIM-1001-101,dlariviere,IEX,367700740145336,,FILL
StopLossHunter_Initial_4,2021-Nov-05 17:24:36.064409,MSFT,1,335.820000,0.001200,REMOVED,0,,SIM-1001-101,dlariviere,IEX,367700740145337,,FILL
StopLossHunter_Initial_4,2021-Nov-05 17:24:39.042013,MSFT,-1,335.780000,0.008721,REMOVED,0,,SIM-1001-101,dlariviere,IEX,367700740145338,,FILL
StopLossHunter_Initial_4,2021-Nov-05 17:25:00.507461,MSFT,1,337.000000,0.001200,REMOVED,0,,SIM-1001-101,dlariviere,IEX,367700740145339,,FILL
StopLossHunter_Initial_4,2021-Nov-05 17:25:02.184745,MSFT,-1,335.690000,0.008719,REMOVED,0,,SIM-1001-101,dlariviere,IEX,367700740145340,,FILL
StopLossHunter_Initial_4,2021-Nov-05 17:25:07.052141,MSFT,1,335.670000,0.001200,REMOVED,0,,SIM-1001-101,dlariviere,IEX,367700740145341,,FILL
StopLossHunter_Initial_4,2021-Nov-05 17:25:10.916566,MSFT,-1,335.620000,0.008718,REMOVED,0,,SIM-1001-101,dlariviere,IEX,367700740145342,,FILL
StopLossHunter_Initial_4,2021-Nov-05 17:25:18.497200,MSFT,1,335.600000,0.001200,REMOVED,0,,SIM-1001-101,dlariviere,IEX,367700740145343,,FILL
StopLossHunter_Initial_4,2021-Nov-05 17:25:20.704403,MSFT,-1,333.000000,0.008659,REMOVED,0,,SIM-1001-101,dlariviere,IEX,367700740145344,,FILL
StopLossHunter_Initial_4,2021-Nov-05 17:25:23.569421,MSFT,1,337.000000,0.001200,REMOVED,0,,SIM-1001-101,dlariviere,IEX,367700740145345,,FILL
StopLossHunter_Initial_4,2021-Nov-05 17:25:33.675723,MSFT,-1,335.430000,0.008714,REMOVED,0,,SIM-1001-101,dlariviere,IEX,367700740145346,,FILL
StopLossHunter_Initial_4,2021-Nov-05 17:25:59.095326,MSFT,1,335.370000,0.001200,REMOVED,0,,SIM-1001-101,dlariviere,IEX,367700740145347,,FILL
StopLossHunter_Initial_4,2021-Nov-05 17:26:00.977584,MSFT,-1,335.380000,0.008713,REMOVED,0,,SIM-1001-101,dlariviere,IEX,367700740145348,,FILL
StopLossHunter_Initial_4,2021-Nov-05 17:26:08.972638,MSFT,1,335.410000,0.001200,REMOVED,0,,SIM-1001-101,dlariviere,IEX,367700740145349,,FILL
StopLossHunter_Initial_4,2021-Nov-05 17:26:11.159033,MSFT,-1,335.340000,0.008712,REMOVED,0,,SIM-1001-101,dlariviere,IEX,367700740145350,,FILL
StopLossHunter_Initial_4,2021-Nov-05 17:26:17.055657,MSFT,1,337.000000,0.001200,REMOVED,0,,SIM-1001-101,dlariviere,IEX,367700740145351,,FILL
StopLossHunter_Initial_4,2021-Nov-05 17:26:17.086417,MSFT,-1,335.280000,0.008710,REMOVED,0,,SIM-1001-101,dlariviere,IEX,367700740145352,,FILL
StopLossHunter_Initial_4,2021-Nov-05 17:26:29.593448,MSFT,1,335.360000,0.001200,REMOVED,0,,SIM-1001-101,dlariviere,IEX,367700740145353,,FILL
StopLossHunter_Initial_4,2021-Nov-05 17:26:39.991422,MSFT,-1,335.300000,0.008711,REMOVED,0,,SIM-1001-101,dlariviere,IEX,367700740145354,,FILL
StopLossHunter_Initial_4,2021-Nov-05 17:26:53.657127,MSFT,1,337.000000,0.001200,REMOVED,0,,SIM-1001-101,dlariviere,IEX,367700740145355,,FILL
StopLossHunter_Initial_4,2021-Nov-05 17:26:54.657458,MSFT,-1,335.180000,0.008708,REMOVED,0,,SIM-1001-101,dlariviere,IEX,367700740145356,,FILL
StopLossHunter_Initial_4,2021-Nov-05 17:26:57.057533,MSFT,1,337.000000,0.001200,REMOVED,0,,SIM-1001-101,dlariviere,IEX,367700740145357,,FILL
StopLossHunter_Initial_4,2021-Nov-05 17:27:56.661364,MSFT,-1,335.100000,0.008706,REMOVED,0,,SIM-1001-101,dlariviere,IEX,367700740145358,,FILL
StopLossHunter_Initial_4,2021-Nov-05 17:28:04.378917,MSFT,1,337.000000,0.001200,REMOVED,0,,SIM-1001-101,dlariviere,IEX,367700740145359,,FILL
StopLossHunter_Initial_4,2021-Nov-05 17:28:13.746073,MSFT,-1,335.100000,0.008706,REMOVED,0,,SIM-1001-101,dlariviere,IEX,367700740145360,,FILL
StopLossHunter_Initial_4,2021-Nov-05 17:28:28.319983,MSFT,1,335.110000,0.001200,REMOVED,0,,SIM-1001-101,dlariviere,IEX,367700740145361,,FILL
StopLossHunter_Initial_4,2021-Nov-05 17:28:29.883142,MSFT,-1,335.040000,0.008705,REMOVED,0,,SIM-1001-101,dlariviere,IEX,367700740145362,,FILL
StopLossHunter_Initial_4,2021-Nov-05 17:28:34.099672,MSFT,1,335.220000,0.001200,REMOVED,0,,SIM-1001-101,dlariviere,IEX,367700740145363,,FILL
StopLossHunter_Initial_4,2021-Nov-05 17:28:34.250125,MSFT,-1,335.030000,0.008705,REMOVED,0,,SIM-1001-101,dlariviere,IEX,367700740145364,,FILL
StopLossHunter_Initial_4,2021-Nov-05 17:28:35.262713,MSFT,1,335.220000,0.001200,REMOVED,0,,SIM-1001-101,dlariviere,IEX,367700740145365,,FILL
StopLossHunter_Initial_4,2021-Nov-05 17:28:35.263575,MSFT,-1,335.050000,0.008705,REMOVED,0,,SIM-1001-101,dlariviere,IEX,367700740145366,,FILL
StopLossHunter_Initial_4,2021-Nov-05 17:28:47.355744,MSFT,1,337.000000,0.001200,REMOVED,0,,SIM-1001-101,dlariviere,IEX,367700740145367,,FILL
StopLossHunter_Initial_4,2021-Nov-05 17:28:47.448425,MSFT,-1,333.000000,0.008659,REMOVED,0,,SIM-1001-101,dlariviere,IEX,367700740145368,,FILL
StopLossHunter_Initial_4,2021-Nov-05 17:28:47.461395,MSFT,1,337.000000,0.001200,REMOVED,0,,SIM-1001-101,dlariviere,IEX,367700740145369,,FILL
StopLossHunter_Initial_4,2021-Nov-05 17:28:47.461404,MSFT,-1,333.000000,0.008659,REMOVED,0,,SIM-1001-101,dlariviere,IEX,367700740145370,,FILL
StopLossHunter_Initial_4,2021-Nov-05 17:28:47.548760,MSFT,1,337.000000,0.001200,REMOVED,0,,SIM-1001-101,dlariviere,IEX,367700740145371,,FILL
StopLossHunter_Initial_4,2021-Nov-05 17:28:47.552228,MSFT,-1,333.000000,0.008659,REMOVED,0,,SIM-1001-101,dlariviere,IEX,367700740145372,,FILL
StopLossHunter_Initial_4,2021-Nov-05 17:28:49.880910,MSFT,1,334.930000,0.001200,REMOVED,0,,SIM-1001-101,dlariviere,IEX,367700740145373,,FILL
StopLossHunter_Initial_4,2021-Nov-05 17:29:20.799739,MSFT,-1,333.000000,0.008659,REMOVED,0,,SIM-1001-101,dlariviere,IEX,367700740145374,,FILL
StopLossHunter_Initial_4,2021-Nov-05 17:29:20.802135,MSFT,1,337.000000,0.001200,REMOVED,0,,SIM-1001-101,dlariviere,IEX,367700740145375,,FILL
StopLossHunter_Initial_4,2021-Nov-05 17:29:23.942107,MSFT,-1,334.600000,0.008695,REMOVED,0,,SIM-1001-101,dlariviere,IEX,367700740145376,,FILL
StopLossHunter_Initial_4,2021-Nov-05 17:29:36.838022,MSFT,1,337.000000,0.001200,REMOVED,0,,SIM-1001-101,dlariviere,IEX,367700740145377,,FILL
StopLossHunter_Initial_4,2021-Nov-05 17:29:38.761134,MSFT,-1,333.000000,0.008659,REMOVED,0,,SIM-1001-101,dlariviere,IEX,367700740145378,,FILL
StopLossHunter_Initial_4,2021-Nov-05 17:29:42.196523,MSFT,1,334.590000,0.001200,REMOVED,0,,SIM-1001-101,dlariviere,IEX,367700740145379,,FILL
StopLossHunter_Initial_4,2021-Nov-05 17:29:42.780811,MSFT,-1,334.560000,0.008694,REMOVED,0,,SIM-1001-101,dlariviere,IEX,367700740145380,,FILL
StopLossHunter_Initial_4,2021-Nov-05 17:29:43.943539,MSFT,1,334.620000,0.001200,REMOVED,0,,SIM-1001-101,dlariviere,IEX,367700740145381,,FILL
StopLossHunter_Initial_4,2021-Nov-05 17:29:46.714635,MSFT,-1,334.580000,0.008695,REMOVED,0,,SIM-1001-101,dlariviere,IEX,367700740145382,,FILL
StopLossHunter_Initial_4,2021-Nov-05 17:30:06.445035,MSFT,1,334.500000,0.001200,REMOVED,0,,SIM-1001-101,dlariviere,IEX,367700740145383,,FILL
StopLossHunter_Initial_4,2021-Nov-05 17:30:06.455997,MSFT,-1,333.000000,0.008659,REMOVED,0,,SIM-1001-101,dlariviere,IEX,367700740145384,,FILL
StopLossHunter_Initial_4,2021-Nov-05 17:30:06.591876,MSFT,1,334.580000,0.001200,REMOVED,0,,SIM-1001-101,dlariviere,IEX,367700740145385,,FILL
StopLossHunter_Initial_4,2021-Nov-05 17:30:07.376186,MSFT,-1,333.000000,0.008659,REMOVED,0,,SIM-1001-101,dlariviere,IEX,367700740145386,,FILL
StopLossHunter_Initial_4,2021-Nov-05 17:30:07.829110,MSFT,1,334.580000,0.001200,REMOVED,0,,SIM-1001-101,dlariviere,IEX,367700740145387,,FILL
StopLossHunter_Initial_4,2021-Nov-05 17:30:08.133590,MSFT,-1,334.420000,0.008691,REMOVED,0,,SIM-1001-101,dlariviere,IEX,367700740145388,,FILL
StopLossHunter_Initial_4,2021-Nov-05 17:30:08.215753,MSFT,1,334.580000,0.001200,REMOVED,0,,SIM-1001-101,dlariviere,IEX,367700740145389,,FILL
StopLossHunter_Initial_4,2021-Nov-05 17:46:43.574510,MSFT,-1,333.000000,0.008659,REMOVED,0,,SIM-1001-101,dlariviere,IEX,367700740145390,,FILL
StopLossHunter_Initial_4,2021-Nov-05 17:46:49.262848,MSFT,1,334.510000,0.001200,REMOVED,0,,SIM-1001-101,dlariviere,IEX,367700740145391,,FILL
StopLossHunter_Initial_4,2021-Nov-05 17:46:56.550556,MSFT,-1,333.000000,0.008659,REMOVED,0,,SIM-1001-101,dlariviere,IEX,367700740145392,,FILL
StopLossHunter_Initial_4,2021-Nov-05 17:46:58.890472,MSFT,1,334.580000,0.001200,REMOVED,0,,SIM-1001-101,dlariviere,IEX,367700740145393,,FILL
StopLossHunter_Initial_4,2021-Nov-05 17:47:18.303382,MSFT,-1,333.000000,0.008659,REMOVED,0,,SIM-1001-101,dlariviere,IEX,367700740145394,,FILL
StopLossHunter_Initial_4,2021-Nov-05 17:47:19.770140,MSFT,1,337.000000,0.001200,REMOVED,0,,SIM-1001-101,dlariviere,IEX,367700740145395,,FILL
StopLossHunter_Initial_4,2021-Nov-05 17:47:24.228916,MSFT,-1,333.000000,0.008659,REMOVED,0,,SIM-1001-101,dlariviere,IEX,367700740145396,,FILL
StopLossHunter_Initial_4,2021-Nov-05 17:47:32.889869,MSFT,1,337.000000,0.001200,REMOVED,0,,SIM-1001-101,dlariviere,IEX,367700740145397,,FILL
StopLossHunter_Initial_4,2021-Nov-05 17:48:53.606862,MSFT,-1,334.450000,0.008692,REMOVED,0,,SIM-1001-101,dlariviere,IEX,367700740145398,,FILL
StopLossHunter_Initial_4,2021-Nov-05 17:49:35.490257,MSFT,1,334.520000,0.001200,REMOVED,0,,SIM-1001-101,dlariviere,IEX,367700740145399,,FILL
StopLossHunter_Initial_4,2021-Nov-05 18:14:34.421445,MSFT,1,337.000000,0.001200,REMOVED,0,,SIM-1001-101,dlariviere,IEX,367700740145400,,FILL
StopLossHunter_Initial_4,2021-Nov-05 18:14:34.491303,MSFT,-1,335.370000,0.008712,REMOVED,0,,SIM-1001-101,dlariviere,IEX,367700740145401,,FILL
StopLossHunter_Initial_4,2021-Nov-05 18:14:55.152557,MSFT,1,335.400000,0.001200,REMOVED,0,,SIM-1001-101,dlariviere,IEX,367700740145402,,FILL
StopLossHunter_Initial_4,2021-Nov-05 18:14:55.183123,MSFT,-1,333.000000,0.008659,REMOVED,0,,SIM-1001-101,dlariviere,IEX,367700740145403,,FILL
StopLossHunter_Initial_4,2021-Nov-05 18:15:03.067543,MSFT,1,335.400000,0.001200,REMOVED,0,,SIM-1001-101,dlariviere,IEX,367700740145404,,FILL
StopLossHunter_Initial_4,2021-Nov-05 18:15:38.604568,MSFT,-1,335.490000,0.008715,REMOVED,0,,SIM-1001-101,dlariviere,IEX,367700740145405,,FILL
StopLossHunter_Initial_4,2021-Nov-05 18:15:39.474775,MSFT,1,335.470000,0.001200,REMOVED,0,,SIM-1001-101,dlariviere,IEX,367700740145406,,FILL
StopLossHunter_Initial_4,2021-Nov-05 18:15:51.760143,MSFT,-1,335.500000,0.008715,REMOVED,0,,SIM-1001-101,dlariviere,IEX,367700740145407,,FILL
StopLossHunter_Initial_4,2021-Nov-05 18:16:03.291503,MSFT,1,335.540000,0.001200,REMOVED,0,,SIM-1001-101,dlariviere,IEX,367700740145408,,FILL
StopLossHunter_Initial_4,2021-Nov-05 18:16:05.950130,MSFT,-1,333.000000,0.008659,REMOVED,0,,SIM-1001-101,dlariviere,IEX,367700740145409,,FILL
StopLossHunter_Initial_4,2021-Nov-05 18:16:17.210196,MSFT,1,337.000000,0.001200,REMOVED,0,,SIM-1001-101,dlariviere,IEX,367700740145410,,FILL
StopLossHunter_Initial_4,2021-Nov-05 18:16:25.204183,MSFT,-1,335.470000,0.008715,REMOVED,0,,SIM-1001-101,dlariviere,IEX,367700740145411,,FILL
StopLossHunter_Initial_4,2021-Nov-05 18:16:36.246988,MSFT,1,335.530000,0.001200,REMOVED,0,,SIM-1001-101,dlariviere,IEX,367700740145412,,FILL
StopLossHunter_Initial_4,2021-Nov-05 18:16:44.041822,MSFT,-1,335.540000,0.008716,REMOVED,0,,SIM-1001-101,dlariviere,IEX,367700740145413,,FILL
StopLossHunter_Initial_4,2021-Nov-05 18:18:27.690104,MSFT,1,335.580000,0.001200,REMOVED,0,,SIM-1001-101,dlariviere,IEX,367700740145414,,FILL
StopLossHunter_Initial_4,2021-Nov-05 18:18:38.221306,MSFT,-1,335.520000,0.008716,REMOVED,0,,SIM-1001-101,dlariviere,IEX,367700740145415,,FILL
StopLossHunter_Initial_4,2021-Nov-05 18:28:50.447283,MSFT,1,335.590000,0.001200,REMOVED,0,,SIM-1001-101,dlariviere,IEX,367700740145416,,FILL
StopLossHunter_Initial_4,2021-Nov-05 18:29:06.458121,MSFT,-1,333.000000,0.008659,REMOVED,0,,SIM-1001-101,dlariviere,IEX,367700740145417,,FILL
StopLossHunter_Initial_4,2021-Nov-05 18:29:09.260860,MSFT,1,337.000000,0.001200,REMOVED,0,,SIM-1001-101,dlariviere,IEX,367700740145418,,FILL
StopLossHunter_Initial_4,2021-Nov-05 18:29:12.249980,MSFT,-1,333.000000,0.008659,REMOVED,0,,SIM-1001-101,dlariviere,IEX,367700740145419,,FILL
StopLossHunter_Initial_4,2021-Nov-05 18:29:14.579833,MSFT,1,337.000000,0.001200,REMOVED,0,,SIM-1001-101,dlariviere,IEX,367700740145420,,FILL
StopLossHunter_Initial_4,2021-Nov-05 18:29:19.839205,MSFT,-1,335.640000,0.008718,REMOVED,0,,SIM-1001-101,dlariviere,IEX,367700740145421,,FILL
StopLossHunter_Initial_4,2021-Nov-05 18:29:23.831500,MSFT,1,337.000000,0.001200,REMOVED,0,,SIM-1001-101,dlariviere,IEX,367700740145422,,FILL
StopLossHunter_Initial_4,2021-Nov-05 18:29:25.367344,MSFT,-1,335.700000,0.008720,REMOVED,0,,SIM-1001-101,dlariviere,IEX,367700740145423,,FILL
StopLossHunter_Initial_4,2021-Nov-05 18:29:26.501954,MSFT,1,337.000000,0.001200,REMOVED,0,,SIM-1001-101,dlariviere,IEX,367700740145424,,FILL
StopLossHunter_Initial_4,2021-Nov-05 18:29:26.503907,MSFT,-1,335.640000,0.008718,REMOVED,0,,SIM-1001-101,dlariviere,IEX,367700740145425,,FILL
StopLossHunter_Initial_4,2021-Nov-05 18:45:25.137787,MSFT,1,335.700000,0.001200,REMOVED,0,,SIM-1001-101,dlariviere,IEX,367700740145426,,FILL
StopLossHunter_Initial_4,2021-Nov-05 18:45:48.870370,MSFT,-1,335.620000,0.008718,REMOVED,0,,SIM-1001-101,dlariviere,IEX,367700740145427,,FILL
StopLossHunter_Initial_4,2021-Nov-05 18:45:55.963954,MSFT,1,335.770000,0.001200,REMOVED,0,,SIM-1001-101,dlariviere,IEX,367700740145428,,FILL
StopLossHunter_Initial_4,2021-Nov-05 18:46:17.436911,MSFT,-1,335.620000,0.008718,REMOVED,0,,SIM-1001-101,dlariviere,IEX,367700740145429,,FILL
StopLossHunter_Initial_4,2021-Nov-05 18:46:28.872169,MSFT,1,335.760000,0.001200,REMOVED,0,,SIM-1001-101,dlariviere,IEX,367700740145430,,FILL
StopLossHunter_Initial_4,2021-Nov-05 18:46:41.445175,MSFT,-1,335.680000,0.008719,REMOVED,0,,SIM-1001-101,dlariviere,IEX,367700740145431,,FILL
StopLossHunter_Initial_4,2021-Nov-05 18:47:07.282404,MSFT,1,335.760000,0.001200,REMOVED,0,,SIM-1001-101,dlariviere,IEX,367700740145432,,FILL
StopLossHunter_Initial_4,2021-Nov-05 18:47:14.295934,MSFT,-1,335.800000,0.008722,REMOVED,0,,SIM-1001-101,dlariviere,IEX,367700740145433,,FILL
StopLossHunter_Initial_4,2021-Nov-05 18:47:14.546018,MSFT,1,337.000000,0.001200,REMOVED,0,,SIM-1001-101,dlariviere,IEX,367700740145434,,FILL
StopLossHunter_Initial_4,2021-Nov-05 18:47:14.835909,MSFT,-1,335.820000,0.008722,REMOVED,0,,SIM-1001-101,dlariviere,IEX,367700740145435,,FILL
StopLossHunter_Initial_4,2021-Nov-05 18:47:15.139278,MSFT,1,337.000000,0.001200,REMOVED,0,,SIM-1001-101,dlariviere,IEX,367700740145436,,FILL
StopLossHunter_Initial_4,2021-Nov-05 18:47:16.036542,MSFT,-1,335.830000,0.008723,REMOVED,0,,SIM-1001-101,dlariviere,IEX,367700740145437,,FILL
StopLossHunter_Initial_4,2021-Nov-05 18:47:19.802364,MSFT,1,335.860000,0.001200,REMOVED,0,,SIM-1001-101,dlariviere,IEX,367700740145438,,FILL
StopLossHunter_Initial_4,2021-Nov-05 18:47:23.220578,MSFT,-1,335.860000,0.008723,REMOVED,0,,SIM-1001-101,dlariviere,IEX,367700740145439,,FILL
StopLossHunter_Initial_4,2021-Nov-05 19:00:00.926778,MSFT,1,337.000000,0.001200,REMOVED,0,,SIM-1001-101,dlariviere,IEX,367700740145440,,FILL
StopLossHunter_Initial_4,2021-Nov-05 19:00:00.934533,MSFT,-1,335.900000,0.008724,REMOVED,0,,SIM-1001-101,dlariviere,IEX,367700740145441,,FILL
StopLossHunter_Initial_4,2021-Nov-05 19:00:00.936483,MSFT,1,335.920000,0.001200,REMOVED,0,,SIM-1001-101,dlariviere,IEX,367700740145442,,FILL
StopLossHunter_Initial_4,2021-Nov-05 19:00:01.574141,MSFT,-1,335.890000,0.008724,REMOVED,0,,SIM-1001-101,dlariviere,IEX,367700740145443,,FILL
StopLossHunter_Initial_4,2021-Nov-05 19:00:01.745189,MSFT,1,335.910000,0.001200,REMOVED,0,,SIM-1001-101,dlariviere,IEX,367700740145444,,FILL
StopLossHunter_Initial_4,2021-Nov-05 19:00:06.662675,MSFT,-1,335.750000,0.008721,REMOVED,0,,SIM-1001-101,dlariviere,IEX,367700740145445,,FILL
StopLossHunter_Initial_4,2021-Nov-05 19:11:00.494414,MSFT,1,335.900000,0.001200,REMOVED,0,,SIM-1001-101,dlariviere,IEX,367700740145446,,FILL
StopLossHunter_Initial_4,2021-Nov-05 19:11:07.339960,MSFT,-1,335.800000,0.008722,REMOVED,0,,SIM-1001-101,dlariviere,IEX,367700740145447,,FILL
StopLossHunter_Initial_4,2021-Nov-05 19:13:49.576453,MSFT,1,335.910000,0.001200,REMOVED,0,,SIM-1001-101,dlariviere,IEX,367700740145448,,FILL
StopLossHunter_Initial_4,2021-Nov-05 19:13:53.429497,MSFT,-1,335.880000,0.008724,REMOVED,0,,SIM-1001-101,dlariviere,IEX,367700740145449,,FILL
StopLossHunter_Initial_4,2021-Nov-05 19:14:30.733219,MSFT,1,337.000000,0.001200,REMOVED,0,,SIM-1001-101,dlariviere,IEX,367700740145450,,FILL
StopLossHunter_Initial_4,2021-Nov-05 19:14:36.119033,MSFT,-1,333.000000,0.008659,REMOVED,0,,SIM-1001-101,dlariviere,IEX,367700740145451,,FILL
StopLossHunter_Initial_4,2021-Nov-05 19:14:37.408865,MSFT,1,337.000000,0.001200,REMOVED,0,,SIM-1001-101,dlariviere,IEX,367700740145452,,FILL
StopLossHunter_Initial_4,2021-Nov-05 19:14:43.505295,MSFT,-1,335.940000,0.008725,REMOVED,0,,SIM-1001-101,dlariviere,IEX,367700740145453,,FILL
StopLossHunter_Initial_4,2021-Nov-05 19:14:49.054676,MSFT,1,335.960000,0.001200,REMOVED,0,,SIM-1001-101,dlariviere,IEX,367700740145454,,FILL
StopLossHunter_Initial_4,2021-Nov-05 19:15:15.343546,MSFT,-1,335.890000,0.008724,REMOVED,0,,SIM-1001-101,dlariviere,IEX,367700740145455,,FILL
StopLossHunter_Initial_4,2021-Nov-05 19:17:46.777413,MSFT,1,336.050000,0.001200,REMOVED,0,,SIM-1001-101,dlariviere,IEX,367700740145456,,FILL
StopLossHunter_Initial_4,2021-Nov-05 19:17:46.833555,MSFT,-1,336.020000,0.008727,REMOVED,0,,SIM-1001-101,dlariviere,IEX,367700740145457,,FILL
StopLossHunter_Initial_4,2021-Nov-05 19:17:46.833669,MSFT,1,336.050000,0.001200,REMOVED,0,,SIM-1001-101,dlariviere,IEX,367700740145458,,FILL
StopLossHunter_Initial_4,2021-Nov-05 19:18:03.440199,MSFT,-1,335.990000,0.008726,REMOVED,0,,SIM-1001-101,dlariviere,IEX,367700740145459,,FILL
StopLossHunter_Initial_4,2021-Nov-05 19:18:18.577413,MSFT,1,336.030000,0.001200,REMOVED,0,,SIM-1001-101,dlariviere,IEX,367700740145460,,FILL
StopLossHunter_Initial_4,2021-Nov-05 19:18:21.942760,MSFT,-1,336.080000,0.008728,REMOVED,0,,SIM-1001-101,dlariviere,IEX,367700740145461,,FILL
StopLossHunter_Initial_4,2021-Nov-05 19:18:37.595364,MSFT,1,336.060000,0.001200,REMOVED,0,,SIM-1001-101,dlariviere,IEX,367700740145462,,FILL
StopLossHunter_Initial_4,2021-Nov-05 19:18:54.726988,MSFT,-1,336.090000,0.008728,REMOVED,0,,SIM-1001-101,dlariviere,IEX,367700740145463,,FILL
StopLossHunter_Initial_4,2021-Nov-05 19:19:01.386786,MSFT,1,337.000000,0.001200,REMOVED,0,,SIM-1001-101,dlariviere,IEX,367700740145464,,FILL
StopLossHunter_Initial_4,2021-Nov-05 19:19:05.871745,MSFT,-1,336.090000,0.008728,REMOVED,0,,SIM-1001-101,dlariviere,IEX,367700740145465,,FILL
StopLossHunter_Initial_4,2021-Nov-05 19:19:05.871745,MSFT,1,336.110000,0.001200,REMOVED,0,,SIM-1001-101,dlariviere,IEX,367700740145466,,FILL
StopLossHunter_Initial_4,2021-Nov-05 19:19:21.434782,MSFT,-1,336.070000,0.008728,REMOVED,0,,SIM-1001-101,dlariviere,IEX,367700740145467,,FILL
StopLossHunter_Initial_4,2021-Nov-05 19:29:29.415546,MSFT,1,336.180000,0.001200,REMOVED,0,,SIM-1001-101,dlariviere,IEX,367700740145468,,FILL
StopLossHunter_Initial_4,2021-Nov-05 19:29:29.688494,MSFT,-1,336.150000,0.008730,REMOVED,0,,SIM-1001-101,dlariviere,IEX,367700740145469,,FILL
StopLossHunter_Initial_4,2021-Nov-05 19:29:33.637021,MSFT,1,336.160000,0.001200,REMOVED,0,,SIM-1001-101,dlariviere,IEX,367700740145470,,FILL
StopLossHunter_Initial_4,2021-Nov-05 19:29:41.444658,MSFT,-1,336.120000,0.008729,REMOVED,0,,SIM-1001-101,dlariviere,IEX,367700740145471,,FILL
StopLossHunter_Initial_4,2021-Nov-05 19:29:44.039271,MSFT,1,336.140000,0.001200,REMOVED,0,,SIM-1001-101,dlariviere,IEX,367700740145472,,FILL
StopLossHunter_Initial_4,2021-Nov-05 19:30:07.051380,MSFT,-1,336.100000,0.008729,REMOVED,0,,SIM-1001-101,dlariviere,IEX,367700740145473,,FILL
StopLossHunter_Initial_4,2021-Nov-05 19:30:10.071661,MSFT,1,337.000000,0.001200,REMOVED,0,,SIM-1001-101,dlariviere,IEX,367700740145474,,FILL
StopLossHunter_Initial_4,2021-Nov-05 19:30:11.808666,MSFT,-1,336.170000,0.008730,REMOVED,0,,SIM-1001-101,dlariviere,IEX,367700740145475,,FILL
StopLossHunter_Initial_4,2021-Nov-05 19:30:14.741431,MSFT,1,337.000000,0.001200,REMOVED,0,,SIM-1001-101,dlariviere,IEX,367700740145476,,FILL
StopLossHunter_Initial_4,2021-Nov-05 19:30:14.741442,MSFT,-1,336.170000,0.008730,REMOVED,0,,SIM-1001-101,dlariviere,IEX,367700740145477,,FILL
StopLossHunter_Initial_4,2021-Nov-05 19:30:31.014532,MSFT,1,336.190000,0.001200,REMOVED,0,,SIM-1001-101,dlariviere,IEX,367700740145478,,FILL
StopLossHunter_Initial_4,2021-Nov-05 19:30:44.927600,MSFT,-1,336.110000,0.008729,REMOVED,0,,SIM-1001-101,dlariviere,IEX,367700740145479,,FILL
StopLossHunter_Initial_4,2021-Nov-05 19:32:02.220736,MSFT,1,337.000000,0.001200,REMOVED,0,,SIM-1001-101,dlariviere,IEX,367700740145480,,FILL
StopLossHunter_Initial_4,2021-Nov-05 19:32:02.297844,MSFT,-1,336.030000,0.008727,REMOVED,0,,SIM-1001-101,dlariviere,IEX,367700740145481,,FILL
StopLossHunter_Initial_4,2021-Nov-05 19:32:18.472674,MSFT,1,336.220000,0.001200,REMOVED,0,,SIM-1001-101,dlariviere,IEX,367700740145482,,FILL
StopLossHunter_Initial_4,2021-Nov-05 19:32:18.563131,MSFT,-1,333.000000,0.008659,REMOVED,0,,SIM-1001-101,dlariviere,IEX,367700740145483,,FILL
StopLossHunter_Initial_4,2021-Nov-05 19:32:28.048080,MSFT,1,336.260000,0.001200,REMOVED,0,,SIM-1001-101,dlariviere,IEX,367700740145484,,FILL
StopLossHunter_Initial_4,2021-Nov-05 19:32:41.134235,MSFT,-1,336.200000,0.008731,REMOVED,0,,SIM-1001-101,dlariviere,IEX,367700740145485,,FILL
StopLossHunter_Initial_4,2021-Nov-05 19:32:44.418639,MSFT,1,336.260000,0.001200,REMOVED,0,,SIM-1001-101,dlariviere,IEX,367700740145486,,FILL
StopLossHunter_Initial_4,2021-Nov-05 19:32:54.746636,MSFT,-1,333.000000,0.008659,REMOVED,0,,SIM-1001-101,dlariviere,IEX,367700740145487,,FILL
StopLossHunter_Initial_4,2021-Nov-05 19:33:01.033149,MSFT,1,336.250000,0.001200,REMOVED,0,,SIM-1001-101,dlariviere,IEX,367700740145488,,FILL
StopLossHunter_Initial_4,2021-Nov-05 19:33:02.510607,MSFT,-1,336.190000,0.008731,REMOVED,0,,SIM-1001-101,dlariviere,IEX,367700740145489,,FILL
StopLossHunter_Initial_4,2021-Nov-05 19:33:20.318333,MSFT,1,336.250000,0.001200,REMOVED,0,,SIM-1001-101,dlariviere,IEX,367700740145490,,FILL
StopLossHunter_Initial_4,2021-Nov-05 19:33:50.987442,MSFT,-1,336.290000,0.008733,REMOVED,0,,SIM-1001-101,dlariviere,IEX,367700740145491,,FILL
StopLossHunter_Initial_4,2021-Nov-05 19:33:52.228647,MSFT,1,336.300000,0.001200,REMOVED,0,,SIM-1001-101,dlariviere,IEX,367700740145492,,FILL
StopLossHunter_Initial_4,2021-Nov-05 19:34:04.532387,MSFT,-1,333.000000,0.008659,REMOVED,0,,SIM-1001-101,dlariviere,IEX,367700740145493,,FILL
StopLossHunter_Initial_4,2021-Nov-05 19:34:04.651546,MSFT,1,336.380000,0.001200,REMOVED,0,,SIM-1001-101,dlariviere,IEX,367700740145494,,FILL
StopLossHunter_Initial_4,2021-Nov-05 19:34:10.172037,MSFT,-1,336.310000,0.008733,REMOVED,0,,SIM-1001-101,dlariviere,IEX,367700740145495,,FILL
StopLossHunter_Initial_4,2021-Nov-05 19:34:13.235321,MSFT,1,336.360000,0.001200,REMOVED,0,,SIM-1001-101,dlariviere,IEX,367700740145496,,FILL
StopLossHunter_Initial_4,2021-Nov-05 19:34:18.247540,MSFT,-1,336.400000,0.008735,REMOVED,0,,SIM-1001-101,dlariviere,IEX,367700740145497,,FILL
StopLossHunter_Initial_4,2021-Nov-05 19:34:19.988680,MSFT,1,337.000000,0.001200,REMOVED,0,,SIM-1001-101,dlariviere,IEX,367700740145498,,FILL
StopLossHunter_Initial_4,2021-Nov-05 19:34:22.430309,MSFT,-1,336.460000,0.008737,REMOVED,0,,SIM-1001-101,dlariviere,IEX,367700740145499,,FILL
StopLossHunter_Initial_4,2021-Nov-05 19:34:22.438234,MSFT,1,337.000000,0.001200,REMOVED,0,,SIM-1001-101,dlariviere,IEX,367700740145500,,FILL
StopLossHunter_Initial_4,2021-Nov-05 19:34:24.429987,MSFT,-1,336.460000,0.008737,REMOVED,0,,SIM-1001-101,dlariviere,IEX,367700740145501,,FILL
StopLossHunter_Initial_4,2021-Nov-05 19:34:28.738180,MSFT,1,336.500000,0.001200,REMOVED,0,,SIM-1001-101,dlariviere,IEX,367700740145502,,FILL
StopLossHunter_Initial_4,2021-Nov-05 19:34:36.254934,MSFT,-1,336.570000,0.008739,REMOVED,0,,SIM-1001-101,dlariviere,IEX,367700740145503,,FILL
StopLossHunter_Initial_4,2021-Nov-05 19:34:36.271619,MSFT,1,337.000000,0.001200,REMOVED,0,,SIM-1001-101,dlariviere,IEX,367700740145504,,FILL
StopLossHunter_Initial_4,2021-Nov-05 19:34:36.277108,MSFT,-1,336.590000,0.008740,REMOVED,0,,SIM-1001-101,dlariviere,IEX,367700740145505,,FILL
StopLossHunter_Initial_4,2021-Nov-05 19:34:36.284699,MSFT,1,337.000000,0.001200,REMOVED,0,,SIM-1001-101,dlariviere,IEX,367700740145506,,FILL
StopLossHunter_Initial_4,2021-Nov-05 19:34:36.291937,MSFT,-1,336.570000,0.008739,REMOVED,0,,SIM-1001-101,dlariviere,IEX,367700740145507,,FILL
StopLossHunter_Initial_4,2021-Nov-05 19:34:43.827571,MSFT,1,336.580000,0.001200,REMOVED,0,,SIM-1001-101,dlariviere,IEX,367700740145508,,FILL
StopLossHunter_Initial_4,2021-Nov-05 19:34:50.941520,MSFT,-1,336.550000,0.008739,REMOVED,0,,SIM-1001-101,dlariviere,IEX,367700740145509,,FILL
StopLossHunter_Initial_4,2021-Nov-05 19:34:54.470228,MSFT,1,336.690000,0.001200,REMOVED,0,,SIM-1001-101,dlariviere,IEX,367700740145510,,FILL
StopLossHunter_Initial_4,2021-Nov-05 19:35:01.962959,MSFT,-1,336.570000,0.008739,REMOVED,0,,SIM-1001-101,dlariviere,IEX,367700740145511,,FILL
StopLossHunter_Initial_4,2021-Nov-05 19:35:11.213405,MSFT,1,337.000000,0.001200,REMOVED,0,,SIM-1001-101,dlariviere,IEX,367700740145512,,FILL
StopLossHunter_Initial_4,2021-Nov-05 19:35:15.782938,MSFT,-1,333.000000,0.008659,REMOVED,0,,SIM-1001-101,dlariviere,IEX,367700740145513,,FILL
StopLossHunter_Initial_4,2021-Nov-05 19:35:18.083898,MSFT,1,337.000000,0.001200,REMOVED,0,,SIM-1001-101,dlariviere,IEX,367700740145514,,FILL
StopLossHunter_Initial_4,2021-Nov-05 19:35:18.722892,MSFT,-1,336.690000,0.008742,REMOVED,0,,SIM-1001-101,dlariviere,IEX,367700740145515,,FILL
StopLossHunter_Initial_4,2021-Nov-05 19:35:20.534557,MSFT,1,337.000000,0.001200,REMOVED,0,,SIM-1001-101,dlariviere,IEX,367700740145516,,FILL
StopLossHunter_Initial_4,2021-Nov-05 19:35:21.697583,MSFT,-1,333.000000,0.008659,REMOVED,0,,SIM-1001-101,dlariviere,IEX,367700740145517,,FILL
StopLossHunter_Initial_4,2021-Nov-05 19:35:21.726095,MSFT,1,337.000000,0.001200,REMOVED,0,,SIM-1001-101,dlariviere,IEX,367700740145518,,FILL
StopLossHunter_Initial_4,2021-Nov-05 19:35:30.189097,MSFT,-1,333.000000,0.008659,REMOVED,0,,SIM-1001-101,dlariviere,IEX,367700740145519,,FILL
StopLossHunter_Initial_4,2021-Nov-05 19:35:36.236601,MSFT,1,337.000000,0.001200,REMOVED,0,,SIM-1001-101,dlariviere,IEX,367700740145520,,FILL
StopLossHunter_Initial_4,2021-Nov-05 19:35:37.102725,MSFT,-1,336.890000,0.008746,REMOVED,0,,SIM-1001-101,dlariviere,IEX,367700740145521,,FILL
StopLossHunter_Initial_4,2021-Nov-05 19:35:41.211399,MSFT,1,337.000000,0.001200,REMOVED,0,,SIM-1001-101,dlariviere,IEX,367700740145522,,FILL
StopLossHunter_Initial_4,2021-Nov-05 19:35:43.191858,MSFT,-1,336.860000,0.008746,REMOVED,0,,SIM-1001-101,dlariviere,IEX,367700740145523,,FILL
StopLossHunter_Initial_4,2021-Nov-05 19:35:43.704419,MSFT,1,337.000000,0.001200,REMOVED,0,,SIM-1001-101,dlariviere,IEX,367700740145524,,FILL
StopLossHunter_Initial_4,2021-Nov-05 19:35:45.143286,MSFT,-1,333.000000,0.008659,REMOVED,0,,SIM-1001-101,dlariviere,IEX,367700740145525,,FILL
StopLossHunter_Initial_4,2021-Nov-05 19:35:47.700672,MSFT,1,337.000000,0.001200,REMOVED,0,,SIM-1001-101,dlariviere,IEX,367700740145526,,FILL
StopLossHunter_Initial_4,2021-Nov-05 19:35:52.025093,MSFT,-1,336.890000,0.008746,REMOVED,0,,SIM-1001-101,dlariviere,IEX,367700740145527,,FILL
StopLossHunter_Initial_4,2021-Nov-05 19:35:52.935134,MSFT,1,337.000000,0.001200,REMOVED,0,,SIM-1001-101,dlariviere,IEX,367700740145528,,FILL
StopLossHunter_Initial_4,2021-Nov-05 19:35:55.924800,MSFT,-1,333.000000,0.008659,REMOVED,0,,SIM-1001-101,dlariviere,IEX,367700740145529,,FILL
StopLossHunter_Initial_4,2021-Nov-05 19:35:56.025177,MSFT,1,336.940000,0.001200,REMOVED,0,,SIM-1001-101,dlariviere,IEX,367700740145530,,FILL
StopLossHunter_Initial_4,2021-Nov-05 19:35:57.431784,MSFT,-1,336.990000,0.008749,REMOVED,0,,SIM-1001-101,dlariviere,IEX,367700740145531,,FILL
StopLossHunter_Initial_4,2021-Nov-05 19:53:48.710813,MSFT,-1,336.230000,0.008732,REMOVED,0,,SIM-1001-101,dlariviere,IEX,367700740145532,,FILL
StopLossHunter_Initial_4,2021-Nov-05 19:53:59.855683,MSFT,1,336.300000,0.001200,REMOVED,0,,SIM-1001-101,dlariviere,IEX,367700740145533,,FILL
StopLossHunter_Initial_4,2021-Nov-05 19:54:01.666511,MSFT,-1,336.190000,0.008731,REMOVED,0,,SIM-1001-101,dlariviere,IEX,367700740145534,,FILL
StopLossHunter_Initial_4,2021-Nov-05 19:54:02.231038,MSFT,1,336.240000,0.001200,REMOVED,0,,SIM-1001-101,dlariviere,IEX,367700740145535,,FILL
StopLossHunter_Initial_4,2021-Nov-05 19:54:05.996879,MSFT,-1,336.240000,0.008732,REMOVED,0,,SIM-1001-101,dlariviere,IEX,367700740145536,,FILL
StopLossHunter_Initial_4,2021-Nov-05 19:54:08.771761,MSFT,1,336.220000,0.001200,REMOVED,0,,SIM-1001-101,dlariviere,IEX,367700740145537,,FILL
StopLossHunter_Initial_4,2021-Nov-05 19:54:09.457315,MSFT,-1,336.160000,0.008730,REMOVED,0,,SIM-1001-101,dlariviere,IEX,367700740145538,,FILL
StopLossHunter_Initial_4,2021-Nov-05 19:54:14.562213,MSFT,1,342.500000,0.001200,REMOVED,0,,SIM-1001-101,dlariviere,IEX,367700740145539,,FILL
StopLossHunter_Initial_4,2021-Nov-05 19:54:15.566220,MSFT,-1,336.150000,0.008730,REMOVED,0,,SIM-1001-101,dlariviere,IEX,367700740145540,,FILL
StopLossHunter_Initial_4,2021-Nov-05 19:54:37.061999,MSFT,1,336.110000,0.001200,REMOVED,0,,SIM-1001-101,dlariviere,IEX,367700740145541,,FILL
StopLossHunter_Initial_4,2021-Nov-05 19:54:37.062027,MSFT,-1,336.080000,0.008728,REMOVED,0,,SIM-1001-101,dlariviere,IEX,367700740145542,,FILL
StopLossHunter_Initial_4,2021-Nov-05 19:54:44.037236,MSFT,1,336.120000,0.001200,REMOVED,0,,SIM-1001-101,dlariviere,IEX,367700740145543,,FILL
StopLossHunter_Initial_4,2021-Nov-05 19:54:51.419913,MSFT,-1,336.060000,0.008728,REMOVED,0,,SIM-1001-101,dlariviere,IEX,367700740145544,,FILL
StopLossHunter_Initial_4,2021-Nov-05 19:54:53.349061,MSFT,1,336.010000,0.001200,REMOVED,0,,SIM-1001-101,dlariviere,IEX,367700740145545,,FILL
StopLossHunter_Initial_4,2021-Nov-05 19:54:53.349167,MSFT,-1,333.000000,0.008659,REMOVED,0,,SIM-1001-101,dlariviere,IEX,367700740145546,,FILL
StopLossHunter_Initial_4,2021-Nov-05 19:54:53.349167,MSFT,1,336.010000,0.001200,REMOVED,0,,SIM-1001-101,dlariviere,IEX,367700740145547,,FILL
StopLossHunter_Initial_4,2021-Nov-05 19:54:57.628139,MSFT,-1,336.010000,0.008727,REMOVED,0,,SIM-1001-101,dlariviere,IEX,367700740145548,,FILL
StopLossHunter_Initial_4,2021-Nov-05 19:54:58.017402,MSFT,1,335.970000,0.001200,REMOVED,0,,SIM-1001-101,dlariviere,IEX,367700740145549,,FILL
StopLossHunter_Initial_4,2021-Nov-05 19:54:59.951164,MSFT,-1,335.950000,0.008725,REMOVED,0,,SIM-1001-101,dlariviere,IEX,367700740145550,,FILL
StopLossHunter_Initial_4,2021-Nov-05 19:55:00.254940,MSFT,1,342.500000,0.001200,REMOVED,0,,SIM-1001-101,dlariviere,IEX,367700740145551,,FILL
StopLossHunter_Initial_4,2021-Nov-05 19:55:00.254989,MSFT,-1,333.000000,0.008659,REMOVED,0,,SIM-1001-101,dlariviere,IEX,367700740145552,,FILL
StopLossHunter_Initial_4,2021-Nov-05 19:55:00.256804,MSFT,1,335.900000,0.001200,REMOVED,0,,SIM-1001-101,dlariviere,IEX,367700740145553,,FILL
StopLossHunter_Initial_4,2021-Nov-05 19:55:00.265310,MSFT,-1,335.830000,0.008723,REMOVED,0,,SIM-1001-101,dlariviere,IEX,367700740145554,,FILL
StopLossHunter_Initial_4,2021-Nov-05 19:55:00.266842,MSFT,1,335.870000,0.001200,REMOVED,0,,SIM-1001-101,dlariviere,IEX,367700740145555,,FILL
