StrategyName,EntryTime,LastModTime,State,LastUpdateType,Symbol,Side,Type,TIF,Price,Quantity,DisplayQuantity,FilledQty,Remains,AvgFillPrice,ExecutionCost,Account,Trader,Broker,MarketCenter,OrderId,Tag,Reason,Closure
StopLossHunter_Initial_4,2021-Nov-05 13:43:12.604265,2021-Nov-05 13:43:12.604265,FILLED,FILL,MSFT,SELL,MARKET,DAY,0.000000,-1,0,-1,0,336.000000,0.008726,SIM-1001-101,dlariviere,FILL_SIMULATOR,IEX,367700740145152,,,
StopLossHunter_Initial_4,2021-Nov-05 13:43:13.227950,2021-Nov-05 13:43:13.227950,FILLED,FILL,MSFT,BUY,MARKET,DAY,0.000000,1,0,1,0,336.250000,0.001200,SIM-1001-101,dlariviere,FILL_SIMULATOR,IEX,367700740145153,,,
StopLossHunter_Initial_4,2021-Nov-05 13:43:15.158448,2021-Nov-05 13:43:15.158448,FILLED,FILL,MSFT,SELL,MARKET,DAY,0.000000,-1,0,-1,0,336.130000,0.008729,SIM-1001-101,dlariviere,FILL_SIMULATOR,IEX,367700740145154,,,
StopLossHunter_Initial_4,2021-Nov-05 13:43:25.226779,2021-Nov-05 13:43:25.226779,FILLED,FILL,MSFT,BUY,MARKET,DAY,0.000000,1,0,1,0,336.160000,0.001200,SIM-1001-101,dlariviere,FILL_SIMULATOR,IEX,367700740145155,,,
StopLossHunter_Initial_4,2021-Nov-05 13:43:35.882848,2021-Nov-05 13:43:35.882848,FILLED,FILL,MSFT,SELL,MARKET,DAY,0.000000,-1,0,-1,0,336.070000,0.008728,SIM-1001-101,dlariviere,FILL_SIMULATOR,IEX,367700740145156,,,
StopLossHunter_Initial_4,2021-Nov-05 13:43:39.789476,2021-Nov-05 13:43:39.789476,FILLED,FILL,MSFT,BUY,MARKET,DAY,0.000000,1,0,1,0,348.170000,0.001200,SIM-1001-101,dlariviere,FILL_SIMULATOR,IEX,367700740145157,,,
StopLossHunter_Initial_4,2021-Nov-05 13:44:16.515214,2021-Nov-05 13:44:16.515214,FILLED,FILL,MSFT,SELL,MARKET,DAY,0.000000,-1,0,-1,0,336.000000,0.008726,SIM-1001-101,dlariviere,FILL_SIMULATOR,IEX,367700740145158,,,
StopLossHunter_Initial_4,2021-Nov-05 13:44:20.724115,2021-Nov-05 13:44:20.724115,FILLED,FILL,MSFT,BUY,MARKET,DAY,0.000000,1,0,1,0,348.170000,0.001200,SIM-1001-101,dlariviere,FILL_SIMULATOR,IEX,367700740145159,,,
StopLossHunter_Initial_4,2021-Nov-05 13:44:48.068218,2021-Nov-05 13:44:48.068218,FILLED,FILL,MSFT,SELL,MARKET,DAY,0.000000,-1,0,-1,0,333.880000,0.008679,SIM-1001-101,dlariviere,FILL_SIMULATOR,IEX,367700740145160,,,
StopLossHunter_Initial_4,2021-Nov-05 13:44:51.059877,2021-Nov-05 13:44:51.059877,FILLED,FILL,MSFT,BUY,MARKET,DAY,0.000000,1,0,1,0,336.120000,0.001200,SIM-1001-101,dlariviere,FILL_SIMULATOR,IEX,367700740145161,,,
StopLossHunter_Initial_4,2021-Nov-05 14:02:28.810492,2021-Nov-05 14:02:28.810492,FILLED,FILL,MSFT,BUY,MARKET,DAY,0.000000,1,0,1,0,337.470000,0.001200,SIM-1001-101,dlariviere,FILL_SIMULATOR,IEX,367700740145162,,,
StopLossHunter_Initial_4,2021-Nov-05 14:02:41.647728,2021-Nov-05 14:02:41.647728,FILLED,FILL,MSFT,SELL,MARKET,DAY,0.000000,-1,0,-1,0,337.510000,0.008760,SIM-1001-101,dlariviere,FILL_SIMULATOR,IEX,367700740145163,,,
StopLossHunter_Initial_4,2021-Nov-05 14:02:45.337114,2021-Nov-05 14:02:45.337114,FILLED,FILL,MSFT,BUY,MARKET,DAY,0.000000,1,0,1,0,337.590000,0.001200,SIM-1001-101,dlariviere,FILL_SIMULATOR,IEX,367700740145164,,,
StopLossHunter_Initial_4,2021-Nov-05 14:02:55.409192,2021-Nov-05 14:02:55.409192,FILLED,FILL,MSFT,SELL,MARKET,DAY,0.000000,-1,0,-1,0,337.520000,0.008760,SIM-1001-101,dlariviere,FILL_SIMULATOR,IEX,367700740145165,,,
StopLossHunter_Initial_4,2021-Nov-05 14:03:02.927675,2021-Nov-05 14:03:02.927675,FILLED,FILL,MSFT,BUY,MARKET,DAY,0.000000,1,0,1,0,337.730000,0.001200,SIM-1001-101,dlariviere,FILL_SIMULATOR,IEX,367700740145166,,,
StopLossHunter_Initial_4,2021-Nov-05 14:03:21.476346,2021-Nov-05 14:03:21.476346,FILLED,FILL,MSFT,SELL,MARKET,DAY,0.000000,-1,0,-1,0,337.660000,0.008764,SIM-1001-101,dlariviere,FILL_SIMULATOR,IEX,367700740145167,,,
StopLossHunter_Initial_4,2021-Nov-05 14:03:53.586938,2021-Nov-05 14:03:53.586938,FILLED,FILL,MSFT,BUY,MARKET,DAY,0.000000,1,0,1,0,337.740000,0.001200,SIM-1001-101,dlariviere,FILL_SIMULATOR,IEX,367700740145168,,,
StopLossHunter_Initial_4,2021-Nov-05 14:03:58.066213,2021-Nov-05 14:03:58.066213,FILLED,FILL,MSFT,SELL,MARKET,DAY,0.000000,-1,0,-1,0,337.600000,0.008762,SIM-1001-101,dlariviere,FILL_SIMULATOR,IEX,367700740145169,,,
StopLossHunter_Initial_4,2021-Nov-05 14:58:07.140836,2021-Nov-05 14:58:07.140836,FILLED,FILL,MSFT,SELL,MARKET,DAY,0.000000,-1,0,-1,0,336.970000,0.008748,SIM-1001-101,dlariviere,FILL_SIMULATOR,IEX,367700740145170,,,
StopLossHunter_Initial_4,2021-Nov-05 14:58:22.026039,2021-Nov-05 14:58:22.026039,FILLED,FILL,MSFT,BUY,MARKET,DAY,0.000000,1,0,1,0,337.030000,0.001200,SIM-1001-101,dlariviere,FILL_SIMULATOR,IEX,367700740145171,,,
StopLossHunter_Initial_4,2021-Nov-05 14:58:31.548836,2021-Nov-05 14:58:31.548836,FILLED,FILL,MSFT,SELL,MARKET,DAY,0.000000,-1,0,-1,0,336.940000,0.008747,SIM-1001-101,dlariviere,FILL_SIMULATOR,IEX,367700740145172,,,
StopLossHunter_Initial_4,2021-Nov-05 14:58:36.520659,2021-Nov-05 14:58:36.520659,FILLED,FILL,MSFT,BUY,MARKET,DAY,0.000000,1,0,1,0,336.980000,0.001200,SIM-1001-101,dlariviere,FILL_SIMULATOR,IEX,367700740145173,,,
StopLossHunter_Initial_4,2021-Nov-05 14:58:40.040207,2021-Nov-05 14:58:40.040207,FILLED,FILL,MSFT,SELL,MARKET,DAY,0.000000,-1,0,-1,0,336.940000,0.008747,SIM-1001-101,dlariviere,FILL_SIMULATOR,IEX,367700740145174,,,
StopLossHunter_Initial_4,2021-Nov-05 14:58:50.643575,2021-Nov-05 14:58:50.643575,FILLED,FILL,MSFT,BUY,MARKET,DAY,0.000000,1,0,1,0,337.010000,0.001200,SIM-1001-101,dlariviere,FILL_SIMULATOR,IEX,367700740145175,,,
StopLossHunter_Initial_4,2021-Nov-05 14:58:52.864068,2021-Nov-05 14:58:52.864068,FILLED,FILL,MSFT,SELL,MARKET,DAY,0.000000,-1,0,-1,0,336.970000,0.008748,SIM-1001-101,dlariviere,FILL_SIMULATOR,IEX,367700740145176,,,
StopLossHunter_Initial_4,2021-Nov-05 14:59:05.936646,2021-Nov-05 14:59:05.936646,FILLED,FILL,MSFT,BUY,MARKET,DAY,0.000000,1,0,1,0,337.050000,0.001200,SIM-1001-101,dlariviere,FILL_SIMULATOR,IEX,367700740145177,,,
StopLossHunter_Initial_4,2021-Nov-05 14:59:32.678042,2021-Nov-05 14:59:32.678042,FILLED,FILL,MSFT,SELL,MARKET,DAY,0.000000,-1,0,-1,0,336.970000,0.008748,SIM-1001-101,dlariviere,FILL_SIMULATOR,IEX,367700740145178,,,
StopLossHunter_Initial_4,2021-Nov-05 14:59:38.076555,2021-Nov-05 14:59:38.076555,FILLED,FILL,MSFT,BUY,MARKET,DAY,0.000000,1,0,1,0,337.010000,0.001200,SIM-1001-101,dlariviere,FILL_SIMULATOR,IEX,367700740145179,,,
StopLossHunter_Initial_4,2021-Nov-05 14:59:53.905300,2021-Nov-05 14:59:53.905300,FILLED,FILL,MSFT,SELL,MARKET,DAY,0.000000,-1,0,-1,0,336.940000,0.008747,SIM-1001-101,dlariviere,FILL_SIMULATOR,IEX,367700740145180,,,
StopLossHunter_Initial_4,2021-Nov-05 14:59:55.577136,2021-Nov-05 14:59:55.577136,FILLED,FILL,MSFT,BUY,MARKET,DAY,0.000000,1,0,1,0,336.980000,0.001200,SIM-1001-101,dlariviere,FILL_SIMULATOR,IEX,367700740145181,,,
StopLossHunter_Initial_4,2021-Nov-05 14:59:57.596866,2021-Nov-05 14:59:57.596866,FILLED,FILL,MSFT,SELL,MARKET,DAY,0.000000,-1,0,-1,0,336.960000,0.008748,SIM-1001-101,dlariviere,FILL_SIMULATOR,IEX,367700740145182,,,
StopLossHunter_Initial_4,2021-Nov-05 14:59:59.310011,2021-Nov-05 14:59:59.310011,FILLED,FILL,MSFT,BUY,MARKET,DAY,0.000000,1,0,1,0,337.010000,0.001200,SIM-1001-101,dlariviere,FILL_SIMULATOR,IEX,367700740145183,,,
StopLossHunter_Initial_4,2021-Nov-05 15:00:29.925957,2021-Nov-05 15:00:29.925957,FILLED,FILL,MSFT,SELL,MARKET,DAY,0.000000,-1,0,-1,0,336.940000,0.008747,SIM-1001-101,dlariviere,FILL_SIMULATOR,IEX,367700740145184,,,
StopLossHunter_Initial_4,2021-Nov-05 15:00:36.891467,2021-Nov-05 15:00:36.891467,FILLED,FILL,MSFT,BUY,MARKET,DAY,0.000000,1,0,1,0,336.990000,0.001200,SIM-1001-101,dlariviere,FILL_SIMULATOR,IEX,367700740145185,,,
StopLossHunter_Initial_4,2021-Nov-05 15:00:39.080472,2021-Nov-05 15:00:39.080472,FILLED,FILL,MSFT,SELL,MARKET,DAY,0.000000,-1,0,-1,0,336.930000,0.008747,SIM-1001-101,dlariviere,FILL_SIMULATOR,IEX,367700740145186,,,
StopLossHunter_Initial_4,2021-Nov-05 15:00:45.295051,2021-Nov-05 15:00:45.295051,FILLED,FILL,MSFT,BUY,MARKET,DAY,0.000000,1,0,1,0,336.890000,0.001200,SIM-1001-101,dlariviere,FILL_SIMULATOR,IEX,367700740145187,,,
StopLossHunter_Initial_4,2021-Nov-05 15:00:46.592774,2021-Nov-05 15:00:46.592774,FILLED,FILL,MSFT,SELL,MARKET,DAY,0.000000,-1,0,-1,0,336.860000,0.008746,SIM-1001-101,dlariviere,FILL_SIMULATOR,IEX,367700740145188,,,
StopLossHunter_Initial_4,2021-Nov-05 15:00:55.198906,2021-Nov-05 15:00:55.198906,FILLED,FILL,MSFT,BUY,MARKET,DAY,0.000000,1,0,1,0,336.950000,0.001200,SIM-1001-101,dlariviere,FILL_SIMULATOR,IEX,367700740145189,,,
StopLossHunter_Initial_4,2021-Nov-05 15:00:58.698492,2021-Nov-05 15:00:58.698492,FILLED,FILL,MSFT,SELL,MARKET,DAY,0.000000,-1,0,-1,0,336.820000,0.008745,SIM-1001-101,dlariviere,FILL_SIMULATOR,IEX,367700740145190,,,
StopLossHunter_Initial_4,2021-Nov-05 15:01:02.588113,2021-Nov-05 15:01:02.588113,FILLED,FILL,MSFT,BUY,MARKET,DAY,0.000000,1,0,1,0,336.920000,0.001200,SIM-1001-101,dlariviere,FILL_SIMULATOR,IEX,367700740145191,,,
StopLossHunter_Initial_4,2021-Nov-05 15:01:04.430017,2021-Nov-05 15:01:04.430017,FILLED,FILL,MSFT,SELL,MARKET,DAY,0.000000,-1,0,-1,0,336.880000,0.008746,SIM-1001-101,dlariviere,FILL_SIMULATOR,IEX,367700740145192,,,
StopLossHunter_Initial_4,2021-Nov-05 15:01:14.866633,2021-Nov-05 15:01:14.866633,FILLED,FILL,MSFT,BUY,MARKET,DAY,0.000000,1,0,1,0,336.930000,0.001200,SIM-1001-101,dlariviere,FILL_SIMULATOR,IEX,367700740145193,,,
StopLossHunter_Initial_4,2021-Nov-05 15:01:56.709227,2021-Nov-05 15:01:56.709227,FILLED,FILL,MSFT,SELL,MARKET,DAY,0.000000,-1,0,-1,0,336.870000,0.008746,SIM-1001-101,dlariviere,FILL_SIMULATOR,IEX,367700740145194,,,
StopLossHunter_Initial_4,2021-Nov-05 15:02:17.852910,2021-Nov-05 15:02:17.852910,FILLED,FILL,MSFT,BUY,MARKET,DAY,0.000000,1,0,1,0,336.920000,0.001200,SIM-1001-101,dlariviere,FILL_SIMULATOR,IEX,367700740145195,,,
StopLossHunter_Initial_4,2021-Nov-05 15:02:55.558870,2021-Nov-05 15:02:55.558870,FILLED,FILL,MSFT,SELL,MARKET,DAY,0.000000,-1,0,-1,0,336.820000,0.008745,SIM-1001-101,dlariviere,FILL_SIMULATOR,IEX,367700740145196,,,
StopLossHunter_Initial_4,2021-Nov-05 15:03:14.937131,2021-Nov-05 15:03:14.937131,FILLED,FILL,MSFT,BUY,MARKET,DAY,0.000000,1,0,1,0,336.770000,0.001200,SIM-1001-101,dlariviere,FILL_SIMULATOR,IEX,367700740145197,,,
StopLossHunter_Initial_4,2021-Nov-05 15:03:16.094568,2021-Nov-05 15:03:16.094568,FILLED,FILL,MSFT,SELL,MARKET,DAY,0.000000,-1,0,-1,0,336.740000,0.008743,SIM-1001-101,dlariviere,FILL_SIMULATOR,IEX,367700740145198,,,
StopLossHunter_Initial_4,2021-Nov-05 15:03:24.812372,2021-Nov-05 15:03:24.812372,FILLED,FILL,MSFT,BUY,MARKET,DAY,0.000000,1,0,1,0,336.700000,0.001200,SIM-1001-101,dlariviere,FILL_SIMULATOR,IEX,367700740145199,,,
StopLossHunter_Initial_4,2021-Nov-05 15:03:27.033969,2021-Nov-05 15:03:27.033969,FILLED,FILL,MSFT,SELL,MARKET,DAY,0.000000,-1,0,-1,0,336.700000,0.008742,SIM-1001-101,dlariviere,FILL_SIMULATOR,IEX,367700740145200,,,
StopLossHunter_Initial_4,2021-Nov-05 15:03:58.723779,2021-Nov-05 15:03:58.723779,FILLED,FILL,MSFT,BUY,MARKET,DAY,0.000000,1,0,1,0,336.680000,0.001200,SIM-1001-101,dlariviere,FILL_SIMULATOR,IEX,367700740145201,,,
StopLossHunter_Initial_4,2021-Nov-05 15:04:07.189148,2021-Nov-05 15:04:07.189148,FILLED,FILL,MSFT,SELL,MARKET,DAY,0.000000,-1,0,-1,0,336.590000,0.008740,SIM-1001-101,dlariviere,FILL_SIMULATOR,IEX,367700740145202,,,
StopLossHunter_Initial_4,2021-Nov-05 15:04:09.057649,2021-Nov-05 15:04:09.057649,FILLED,FILL,MSFT,BUY,MARKET,DAY,0.000000,1,0,1,0,336.620000,0.001200,SIM-1001-101,dlariviere,FILL_SIMULATOR,IEX,367700740145203,,,
StopLossHunter_Initial_4,2021-Nov-05 15:04:10.217879,2021-Nov-05 15:04:10.217879,FILLED,FILL,MSFT,SELL,MARKET,DAY,0.000000,-1,0,-1,0,336.610000,0.008740,SIM-1001-101,dlariviere,FILL_SIMULATOR,IEX,367700740145204,,,
StopLossHunter_Initial_4,2021-Nov-05 15:04:19.264321,2021-Nov-05 15:04:19.264321,FILLED,FILL,MSFT,BUY,MARKET,DAY,0.000000,1,0,1,0,336.650000,0.001200,SIM-1001-101,dlariviere,FILL_SIMULATOR,IEX,367700740145205,,,
StopLossHunter_Initial_4,2021-Nov-05 15:04:22.600783,2021-Nov-05 15:04:22.600783,FILLED,FILL,MSFT,SELL,MARKET,DAY,0.000000,-1,0,-1,0,336.610000,0.008740,SIM-1001-101,dlariviere,FILL_SIMULATOR,IEX,367700740145206,,,
StopLossHunter_Initial_4,2021-Nov-05 15:04:26.039951,2021-Nov-05 15:04:26.039951,FILLED,FILL,MSFT,BUY,MARKET,DAY,0.000000,1,0,1,0,336.650000,0.001200,SIM-1001-101,dlariviere,FILL_SIMULATOR,IEX,367700740145207,,,
StopLossHunter_Initial_4,2021-Nov-05 15:26:35.568686,2021-Nov-05 15:26:35.568686,FILLED,FILL,MSFT,SELL,MARKET,DAY,0.000000,-1,0,-1,0,336.600000,0.008740,SIM-1001-101,dlariviere,FILL_SIMULATOR,IEX,367700740145208,,,
StopLossHunter_Initial_4,2021-Nov-05 15:27:11.929927,2021-Nov-05 15:27:11.929927,FILLED,FILL,MSFT,BUY,MARKET,DAY,0.000000,1,0,1,0,336.540000,0.001200,SIM-1001-101,dlariviere,FILL_SIMULATOR,IEX,367700740145209,,,
StopLossHunter_Initial_4,2021-Nov-05 15:27:11.929988,2021-Nov-05 15:27:11.929988,FILLED,FILL,MSFT,SELL,MARKET,DAY,0.000000,-1,0,-1,0,336.510000,0.008738,SIM-1001-101,dlariviere,FILL_SIMULATOR,IEX,367700740145210,,,
StopLossHunter_Initial_4,2021-Nov-05 15:27:11.929988,2021-Nov-05 15:27:11.929988,FILLED,FILL,MSFT,BUY,MARKET,DAY,0.000000,1,0,1,0,336.540000,0.001200,SIM-1001-101,dlariviere,FILL_SIMULATOR,IEX,367700740145211,,,
StopLossHunter_Initial_4,2021-Nov-05 15:27:13.331760,2021-Nov-05 15:27:13.331760,FILLED,FILL,MSFT,SELL,MARKET,DAY,0.000000,-1,0,-1,0,336.530000,0.008738,SIM-1001-101,dlariviere,FILL_SIMULATOR,IEX,367700740145212,,,
StopLossHunter_Initial_4,2021-Nov-05 15:27:14.572756,2021-Nov-05 15:27:14.572756,FILLED,FILL,MSFT,BUY,MARKET,DAY,0.000000,1,0,1,0,336.650000,0.001200,SIM-1001-101,dlariviere,FILL_SIMULATOR,IEX,367700740145213,,,
StopLossHunter_Initial_4,2021-Nov-05 15:27:19.617977,2021-Nov-05 15:27:19.617977,FILLED,FILL,MSFT,SELL,MARKET,DAY,0.000000,-1,0,-1,0,336.520000,0.008738,SIM-1001-101,dlariviere,FILL_SIMULATOR,IEX,367700740145214,,,
StopLossHunter_Initial_4,2021-Nov-05 15:28:15.178565,2021-Nov-05 15:28:15.178565,FILLED,FILL,MSFT,BUY,MARKET,DAY,0.000000,1,0,1,0,336.510000,0.001200,SIM-1001-101,dlariviere,FILL_SIMULATOR,IEX,367700740145215,,,
StopLossHunter_Initial_4,2021-Nov-05 15:28:15.178646,2021-Nov-05 15:28:15.178646,FILLED,FILL,MSFT,SELL,MARKET,DAY,0.000000,-1,0,-1,0,333.000000,0.008659,SIM-1001-101,dlariviere,FILL_SIMULATOR,IEX,367700740145216,,,
StopLossHunter_Initial_4,2021-Nov-05 15:28:19.793331,2021-Nov-05 15:28:19.793331,FILLED,FILL,MSFT,BUY,MARKET,DAY,0.000000,1,0,1,0,336.410000,0.001200,SIM-1001-101,dlariviere,FILL_SIMULATOR,IEX,367700740145217,,,
StopLossHunter_Initial_4,2021-Nov-05 15:28:19.793363,2021-Nov-05 15:28:19.793363,FILLED,FILL,MSFT,SELL,MARKET,DAY,0.000000,-1,0,-1,0,333.000000,0.008659,SIM-1001-101,dlariviere,FILL_SIMULATOR,IEX,367700740145218,,,
StopLossHunter_Initial_4,2021-Nov-05 15:28:24.242373,2021-Nov-05 15:28:24.242373,FILLED,FILL,MSFT,BUY,MARKET,DAY,0.000000,1,0,1,0,336.510000,0.001200,SIM-1001-101,dlariviere,FILL_SIMULATOR,IEX,367700740145219,,,
StopLossHunter_Initial_4,2021-Nov-05 15:28:24.242373,2021-Nov-05 15:28:24.242373,FILLED,FILL,MSFT,SELL,MARKET,DAY,0.000000,-1,0,-1,0,333.000000,0.008659,SIM-1001-101,dlariviere,FILL_SIMULATOR,IEX,367700740145220,,,
StopLossHunter_Initial_4,2021-Nov-05 15:28:28.379744,2021-Nov-05 15:28:28.379744,FILLED,FILL,MSFT,BUY,MARKET,DAY,0.000000,1,0,1,0,336.420000,0.001200,SIM-1001-101,dlariviere,FILL_SIMULATOR,IEX,367700740145221,,,
StopLossHunter_Initial_4,2021-Nov-05 15:28:28.379755,2021-Nov-05 15:28:28.379755,FILLED,FILL,MSFT,SELL,MARKET,DAY,0.000000,-1,0,-1,0,336.380000,0.008735,SIM-1001-101,dlariviere,FILL_SIMULATOR,IEX,367700740145222,,,
StopLossHunter_Initial_4,2021-Nov-05 15:28:32.428524,2021-Nov-05 15:28:32.428524,FILLED,FILL,MSFT,BUY,MARKET,DAY,0.000000,1,0,1,0,336.420000,0.001200,SIM-1001-101,dlariviere,FILL_SIMULATOR,IEX,367700740145223,,,
StopLossHunter_Initial_4,2021-Nov-05 15:28:36.291024,2021-Nov-05 15:28:36.291024,FILLED,FILL,MSFT,SELL,MARKET,DAY,0.000000,-1,0,-1,0,336.310000,0.008733,SIM-1001-101,dlariviere,FILL_SIMULATOR,IEX,367700740145224,,,
StopLossHunter_Initial_4,2021-Nov-05 15:29:33.786988,2021-Nov-05 15:29:33.786988,FILLED,FILL,MSFT,BUY,MARKET,DAY,0.000000,1,0,1,0,336.230000,0.001200,SIM-1001-101,dlariviere,FILL_SIMULATOR,IEX,367700740145225,,,
StopLossHunter_Initial_4,2021-Nov-05 15:29:33.787004,2021-Nov-05 15:29:33.787004,FILLED,FILL,MSFT,SELL,MARKET,DAY,0.000000,-1,0,-1,0,336.190000,0.008731,SIM-1001-101,dlariviere,FILL_SIMULATOR,IEX,367700740145226,,,
StopLossHunter_Initial_4,2021-Nov-05 15:29:38.865094,2021-Nov-05 15:29:38.865094,FILLED,FILL,MSFT,BUY,MARKET,DAY,0.000000,1,0,1,0,336.230000,0.001200,SIM-1001-101,dlariviere,FILL_SIMULATOR,IEX,367700740145227,,,
StopLossHunter_Initial_4,2021-Nov-05 15:29:42.287951,2021-Nov-05 15:29:42.287951,FILLED,FILL,MSFT,SELL,MARKET,DAY,0.000000,-1,0,-1,0,333.000000,0.008659,SIM-1001-101,dlariviere,FILL_SIMULATOR,IEX,367700740145228,,,
StopLossHunter_Initial_4,2021-Nov-05 15:29:42.349005,2021-Nov-05 15:29:42.349005,FILLED,FILL,MSFT,BUY,MARKET,DAY,0.000000,1,0,1,0,336.220000,0.001200,SIM-1001-101,dlariviere,FILL_SIMULATOR,IEX,367700740145229,,,
StopLossHunter_Initial_4,2021-Nov-05 15:29:43.265196,2021-Nov-05 15:29:43.265196,FILLED,FILL,MSFT,SELL,MARKET,DAY,0.000000,-1,0,-1,0,333.000000,0.008659,SIM-1001-101,dlariviere,FILL_SIMULATOR,IEX,367700740145230,,,
StopLossHunter_Initial_4,2021-Nov-05 15:29:48.337121,2021-Nov-05 15:29:48.337121,FILLED,FILL,MSFT,BUY,MARKET,DAY,0.000000,1,0,1,0,336.200000,0.001200,SIM-1001-101,dlariviere,FILL_SIMULATOR,IEX,367700740145231,,,
StopLossHunter_Initial_4,2021-Nov-05 15:29:48.337263,2021-Nov-05 15:29:48.337263,FILLED,FILL,MSFT,SELL,MARKET,DAY,0.000000,-1,0,-1,0,333.000000,0.008659,SIM-1001-101,dlariviere,FILL_SIMULATOR,IEX,367700740145232,,,
StopLossHunter_Initial_4,2021-Nov-05 15:29:48.337739,2021-Nov-05 15:29:48.337739,FILLED,FILL,MSFT,BUY,MARKET,DAY,0.000000,1,0,1,0,336.350000,0.001200,SIM-1001-101,dlariviere,FILL_SIMULATOR,IEX,367700740145233,,,
StopLossHunter_Initial_4,2021-Nov-05 15:29:48.337746,2021-Nov-05 15:29:48.337746,FILLED,FILL,MSFT,SELL,MARKET,DAY,0.000000,-1,0,-1,0,333.000000,0.008659,SIM-1001-101,dlariviere,FILL_SIMULATOR,IEX,367700740145234,,,
StopLossHunter_Initial_4,2021-Nov-05 15:29:50.745157,2021-Nov-05 15:29:50.745157,FILLED,FILL,MSFT,BUY,MARKET,DAY,0.000000,1,0,1,0,336.230000,0.001200,SIM-1001-101,dlariviere,FILL_SIMULATOR,IEX,367700740145235,,,
StopLossHunter_Initial_4,2021-Nov-05 15:30:02.088369,2021-Nov-05 15:30:02.088369,FILLED,FILL,MSFT,SELL,MARKET,DAY,0.000000,-1,0,-1,0,336.190000,0.008731,SIM-1001-101,dlariviere,FILL_SIMULATOR,IEX,367700740145236,,,
StopLossHunter_Initial_4,2021-Nov-05 15:30:04.276111,2021-Nov-05 15:30:04.276111,FILLED,FILL,MSFT,BUY,MARKET,DAY,0.000000,1,0,1,0,336.250000,0.001200,SIM-1001-101,dlariviere,FILL_SIMULATOR,IEX,367700740145237,,,
StopLossHunter_Initial_4,2021-Nov-05 15:30:09.224802,2021-Nov-05 15:30:09.224802,FILLED,FILL,MSFT,SELL,MARKET,DAY,0.000000,-1,0,-1,0,336.190000,0.008731,SIM-1001-101,dlariviere,FILL_SIMULATOR,IEX,367700740145238,,,
StopLossHunter_Initial_4,2021-Nov-05 15:30:15.296302,2021-Nov-05 15:30:15.296302,FILLED,FILL,MSFT,BUY,MARKET,DAY,0.000000,1,0,1,0,336.350000,0.001200,SIM-1001-101,dlariviere,FILL_SIMULATOR,IEX,367700740145239,,,
StopLossHunter_Initial_4,2021-Nov-05 15:48:09.970254,2021-Nov-05 15:48:09.970254,FILLED,FILL,MSFT,BUY,MARKET,DAY,0.000000,1,0,1,0,337.300000,0.001200,SIM-1001-101,dlariviere,FILL_SIMULATOR,IEX,367700740145240,,,
StopLossHunter_Initial_4,2021-Nov-05 15:48:44.807461,2021-Nov-05 15:48:44.807461,FILLED,FILL,MSFT,SELL,MARKET,DAY,0.000000,-1,0,-1,0,337.260000,0.008755,SIM-1001-101,dlariviere,FILL_SIMULATOR,IEX,367700740145241,,,
StopLossHunter_Initial_4,2021-Nov-05 15:48:44.807473,2021-Nov-05 15:48:44.807473,FILLED,FILL,MSFT,BUY,MARKET,DAY,0.000000,1,0,1,0,337.350000,0.001200,SIM-1001-101,dlariviere,FILL_SIMULATOR,IEX,367700740145242,,,
StopLossHunter_Initial_4,2021-Nov-05 15:49:00.435177,2021-Nov-05 15:49:00.435177,FILLED,FILL,MSFT,SELL,MARKET,DAY,0.000000,-1,0,-1,0,337.410000,0.008758,SIM-1001-101,dlariviere,FILL_SIMULATOR,IEX,367700740145243,,,
StopLossHunter_Initial_4,2021-Nov-05 15:49:00.573127,2021-Nov-05 15:49:00.573127,FILLED,FILL,MSFT,BUY,MARKET,DAY,0.000000,1,0,1,0,337.470000,0.001200,SIM-1001-101,dlariviere,FILL_SIMULATOR,IEX,367700740145244,,,
StopLossHunter_Initial_4,2021-Nov-05 15:49:02.677420,2021-Nov-05 15:49:02.677420,FILLED,FILL,MSFT,SELL,MARKET,DAY,0.000000,-1,0,-1,0,337.390000,0.008758,SIM-1001-101,dlariviere,FILL_SIMULATOR,IEX,367700740145245,,,
StopLossHunter_Initial_4,2021-Nov-05 15:49:02.677427,2021-Nov-05 15:49:02.677427,FILLED,FILL,MSFT,BUY,MARKET,DAY,0.000000,1,0,1,0,337.420000,0.001200,SIM-1001-101,dlariviere,FILL_SIMULATOR,IEX,367700740145246,,,
StopLossHunter_Initial_4,2021-Nov-05 15:49:26.098109,2021-Nov-05 15:49:26.098109,FILLED,FILL,MSFT,SELL,MARKET,DAY,0.000000,-1,0,-1,0,337.480000,0.008760,SIM-1001-101,dlariviere,FILL_SIMULATOR,IEX,367700740145247,,,
StopLossHunter_Initial_4,2021-Nov-05 15:49:26.098127,2021-Nov-05 15:49:26.098127,FILLED,FILL,MSFT,BUY,MARKET,DAY,0.000000,1,0,1,0,338.750000,0.001200,SIM-1001-101,dlariviere,FILL_SIMULATOR,IEX,367700740145248,,,
StopLossHunter_Initial_4,2021-Nov-05 15:49:28.354096,2021-Nov-05 15:49:28.354096,FILLED,FILL,MSFT,SELL,MARKET,DAY,0.000000,-1,0,-1,0,337.390000,0.008758,SIM-1001-101,dlariviere,FILL_SIMULATOR,IEX,367700740145249,,,
StopLossHunter_Initial_4,2021-Nov-05 15:49:28.630756,2021-Nov-05 15:49:28.630756,FILLED,FILL,MSFT,BUY,MARKET,DAY,0.000000,1,0,1,0,337.540000,0.001200,SIM-1001-101,dlariviere,FILL_SIMULATOR,IEX,367700740145250,,,
StopLossHunter_Initial_4,2021-Nov-05 15:49:30.997786,2021-Nov-05 15:49:30.997786,FILLED,FILL,MSFT,SELL,MARKET,DAY,0.000000,-1,0,-1,0,333.000000,0.008659,SIM-1001-101,dlariviere,FILL_SIMULATOR,IEX,367700740145251,,,
StopLossHunter_Initial_4,2021-Nov-05 15:49:31.964553,2021-Nov-05 15:49:31.964553,FILLED,FILL,MSFT,BUY,MARKET,DAY,0.000000,1,0,1,0,338.750000,0.001200,SIM-1001-101,dlariviere,FILL_SIMULATOR,IEX,367700740145252,,,
StopLossHunter_Initial_4,2021-Nov-05 15:49:32.190030,2021-Nov-05 15:49:32.190030,FILLED,FILL,MSFT,SELL,MARKET,DAY,0.000000,-1,0,-1,0,337.530000,0.008761,SIM-1001-101,dlariviere,FILL_SIMULATOR,IEX,367700740145253,,,
StopLossHunter_Initial_4,2021-Nov-05 15:49:32.400055,2021-Nov-05 15:49:32.400055,FILLED,FILL,MSFT,BUY,MARKET,DAY,0.000000,1,0,1,0,338.750000,0.001200,SIM-1001-101,dlariviere,FILL_SIMULATOR,IEX,367700740145254,,,
StopLossHunter_Initial_4,2021-Nov-05 15:49:33.100626,2021-Nov-05 15:49:33.100626,FILLED,FILL,MSFT,SELL,MARKET,DAY,0.000000,-1,0,-1,0,333.000000,0.008659,SIM-1001-101,dlariviere,FILL_SIMULATOR,IEX,367700740145255,,,
StopLossHunter_Initial_4,2021-Nov-05 15:49:44.692654,2021-Nov-05 15:49:44.692654,FILLED,FILL,MSFT,BUY,MARKET,DAY,0.000000,1,0,1,0,338.750000,0.001200,SIM-1001-101,dlariviere,FILL_SIMULATOR,IEX,367700740145256,,,
StopLossHunter_Initial_4,2021-Nov-05 15:49:45.901075,2021-Nov-05 15:49:45.901075,FILLED,FILL,MSFT,SELL,MARKET,DAY,0.000000,-1,0,-1,0,337.460000,0.008759,SIM-1001-101,dlariviere,FILL_SIMULATOR,IEX,367700740145257,,,
StopLossHunter_Initial_4,2021-Nov-05 15:49:48.476748,2021-Nov-05 15:49:48.476748,FILLED,FILL,MSFT,BUY,MARKET,DAY,0.000000,1,0,1,0,337.530000,0.001200,SIM-1001-101,dlariviere,FILL_SIMULATOR,IEX,367700740145258,,,
StopLossHunter_Initial_4,2021-Nov-05 15:49:51.810341,2021-Nov-05 15:49:51.810341,FILLED,FILL,MSFT,SELL,MARKET,DAY,0.000000,-1,0,-1,0,333.000000,0.008659,SIM-1001-101,dlariviere,FILL_SIMULATOR,IEX,367700740145259,,,
StopLossHunter_Initial_4,2021-Nov-05 15:51:10.187979,2021-Nov-05 15:51:10.187979,FILLED,FILL,MSFT,BUY,MARKET,DAY,0.000000,1,0,1,0,337.520000,0.001200,SIM-1001-101,dlariviere,FILL_SIMULATOR,IEX,367700740145260,,,
StopLossHunter_Initial_4,2021-Nov-05 15:51:17.503770,2021-Nov-05 15:51:17.503770,FILLED,FILL,MSFT,SELL,MARKET,DAY,0.000000,-1,0,-1,0,333.000000,0.008659,SIM-1001-101,dlariviere,FILL_SIMULATOR,IEX,367700740145261,,,
StopLossHunter_Initial_4,2021-Nov-05 16:24:41.029652,2021-Nov-05 16:24:41.029652,FILLED,FILL,MSFT,SELL,MARKET,DAY,0.000000,-1,0,-1,0,336.380000,0.008735,SIM-1001-101,dlariviere,FILL_SIMULATOR,IEX,367700740145262,,,
StopLossHunter_Initial_4,2021-Nov-05 16:24:41.955512,2021-Nov-05 16:24:41.955512,FILLED,FILL,MSFT,BUY,MARKET,DAY,0.000000,1,0,1,0,336.440000,0.001200,SIM-1001-101,dlariviere,FILL_SIMULATOR,IEX,367700740145263,,,
StopLossHunter_Initial_4,2021-Nov-05 16:24:52.722597,2021-Nov-05 16:24:52.722597,FILLED,FILL,MSFT,SELL,MARKET,DAY,0.000000,-1,0,-1,0,333.000000,0.008659,SIM-1001-101,dlariviere,FILL_SIMULATOR,IEX,367700740145264,,,
StopLossHunter_Initial_4,2021-Nov-05 16:24:53.554972,2021-Nov-05 16:24:53.554972,FILLED,FILL,MSFT,BUY,MARKET,DAY,0.000000,1,0,1,0,336.370000,0.001200,SIM-1001-101,dlariviere,FILL_SIMULATOR,IEX,367700740145265,,,
StopLossHunter_Initial_4,2021-Nov-05 16:24:58.629121,2021-Nov-05 16:24:58.629121,FILLED,FILL,MSFT,SELL,MARKET,DAY,0.000000,-1,0,-1,0,333.000000,0.008659,SIM-1001-101,dlariviere,FILL_SIMULATOR,IEX,367700740145266,,,
StopLossHunter_Initial_4,2021-Nov-05 16:24:58.629658,2021-Nov-05 16:24:58.629658,FILLED,FILL,MSFT,BUY,MARKET,DAY,0.000000,1,0,1,0,336.380000,0.001200,SIM-1001-101,dlariviere,FILL_SIMULATOR,IEX,367700740145267,,,
StopLossHunter_Initial_4,2021-Nov-05 16:25:03.527319,2021-Nov-05 16:25:03.527319,FILLED,FILL,MSFT,SELL,MARKET,DAY,0.000000,-1,0,-1,0,333.000000,0.008659,SIM-1001-101,dlariviere,FILL_SIMULATOR,IEX,367700740145268,,,
StopLossHunter_Initial_4,2021-Nov-05 16:25:08.667090,2021-Nov-05 16:25:08.667090,FILLED,FILL,MSFT,BUY,MARKET,DAY,0.000000,1,0,1,0,336.380000,0.001200,SIM-1001-101,dlariviere,FILL_SIMULATOR,IEX,367700740145269,,,
StopLossHunter_Initial_4,2021-Nov-05 16:25:13.802544,2021-Nov-05 16:25:13.802544,FILLED,FILL,MSFT,SELL,MARKET,DAY,0.000000,-1,0,-1,0,336.360000,0.008734,SIM-1001-101,dlariviere,FILL_SIMULATOR,IEX,367700740145270,,,
StopLossHunter_Initial_4,2021-Nov-05 16:25:24.566244,2021-Nov-05 16:25:24.566244,FILLED,FILL,MSFT,BUY,MARKET,DAY,0.000000,1,0,1,0,336.320000,0.001200,SIM-1001-101,dlariviere,FILL_SIMULATOR,IEX,367700740145271,,,
StopLossHunter_Initial_4,2021-Nov-05 16:25:25.052986,2021-Nov-05 16:25:25.052986,FILLED,FILL,MSFT,SELL,MARKET,DAY,0.000000,-1,0,-1,0,333.000000,0.008659,SIM-1001-101,dlariviere,FILL_SIMULATOR,IEX,367700740145272,,,
StopLossHunter_Initial_4,2021-Nov-05 16:25:25.053654,2021-Nov-05 16:25:25.053654,FILLED,FILL,MSFT,BUY,MARKET,DAY,0.000000,1,0,1,0,338.750000,0.001200,SIM-1001-101,dlariviere,FILL_SIMULATOR,IEX,367700740145273,,,
StopLossHunter_Initial_4,2021-Nov-05 16:25:34.870273,2021-Nov-05 16:25:34.870273,FILLED,FILL,MSFT,SELL,MARKET,DAY,0.000000,-1,0,-1,0,333.000000,0.008659,SIM-1001-101,dlariviere,FILL_SIMULATOR,IEX,367700740145274,,,
StopLossHunter_Initial_4,2021-Nov-05 16:25:34.970086,2021-Nov-05 16:25:34.970086,FILLED,FILL,MSFT,BUY,MARKET,DAY,0.000000,1,0,1,0,338.750000,0.001200,SIM-1001-101,dlariviere,FILL_SIMULATOR,IEX,367700740145275,,,
StopLossHunter_Initial_4,2021-Nov-05 16:25:38.760517,2021-Nov-05 16:25:38.760517,FILLED,FILL,MSFT,SELL,MARKET,DAY,0.000000,-1,0,-1,0,336.300000,0.008733,SIM-1001-101,dlariviere,FILL_SIMULATOR,IEX,367700740145276,,,
StopLossHunter_Initial_4,2021-Nov-05 16:25:47.721969,2021-Nov-05 16:25:47.721969,FILLED,FILL,MSFT,BUY,MARKET,DAY,0.000000,1,0,1,0,338.750000,0.001200,SIM-1001-101,dlariviere,FILL_SIMULATOR,IEX,367700740145277,,,
StopLossHunter_Initial_4,2021-Nov-05 16:25:55.208617,2021-Nov-05 16:25:55.208617,FILLED,FILL,MSFT,SELL,MARKET,DAY,0.000000,-1,0,-1,0,333.000000,0.008659,SIM-1001-101,dlariviere,FILL_SIMULATOR,IEX,367700740145278,,,
StopLossHunter_Initial_4,2021-Nov-05 16:25:57.026317,2021-Nov-05 16:25:57.026317,FILLED,FILL,MSFT,BUY,MARKET,DAY,0.000000,1,0,1,0,338.750000,0.001200,SIM-1001-101,dlariviere,FILL_SIMULATOR,IEX,367700740145279,,,
StopLossHunter_Initial_4,2021-Nov-05 16:33:42.964054,2021-Nov-05 16:33:42.964054,FILLED,FILL,MSFT,SELL,MARKET,DAY,0.000000,-1,0,-1,0,336.330000,0.008734,SIM-1001-101,dlariviere,FILL_SIMULATOR,IEX,367700740145280,,,
StopLossHunter_Initial_4,2021-Nov-05 16:33:44.365664,2021-Nov-05 16:33:44.365664,FILLED,FILL,MSFT,BUY,MARKET,DAY,0.000000,1,0,1,0,338.750000,0.001200,SIM-1001-101,dlariviere,FILL_SIMULATOR,IEX,367700740145281,,,
StopLossHunter_Initial_4,2021-Nov-05 16:37:49.323956,2021-Nov-05 16:37:49.323956,FILLED,FILL,MSFT,SELL,MARKET,DAY,0.000000,-1,0,-1,0,336.250000,0.008732,SIM-1001-101,dlariviere,FILL_SIMULATOR,IEX,367700740145282,,,
StopLossHunter_Initial_4,2021-Nov-05 16:38:18.902752,2021-Nov-05 16:38:18.902752,FILLED,FILL,MSFT,BUY,MARKET,DAY,0.000000,1,0,1,0,336.340000,0.001200,SIM-1001-101,dlariviere,FILL_SIMULATOR,IEX,367700740145283,,,
StopLossHunter_Initial_4,2021-Nov-05 16:38:25.090885,2021-Nov-05 16:38:25.090885,FILLED,FILL,MSFT,SELL,MARKET,DAY,0.000000,-1,0,-1,0,336.190000,0.008731,SIM-1001-101,dlariviere,FILL_SIMULATOR,IEX,367700740145284,,,
StopLossHunter_Initial_4,2021-Nov-05 16:38:37.789451,2021-Nov-05 16:38:37.789451,FILLED,FILL,MSFT,BUY,MARKET,DAY,0.000000,1,0,1,0,336.140000,0.001200,SIM-1001-101,dlariviere,FILL_SIMULATOR,IEX,367700740145285,,,
StopLossHunter_Initial_4,2021-Nov-05 16:38:50.881009,2021-Nov-05 16:38:50.881009,FILLED,FILL,MSFT,SELL,MARKET,DAY,0.000000,-1,0,-1,0,336.140000,0.008730,SIM-1001-101,dlariviere,FILL_SIMULATOR,IEX,367700740145286,,,
StopLossHunter_Initial_4,2021-Nov-05 16:38:59.599974,2021-Nov-05 16:38:59.599974,FILLED,FILL,MSFT,BUY,MARKET,DAY,0.000000,1,0,1,0,336.210000,0.001200,SIM-1001-101,dlariviere,FILL_SIMULATOR,IEX,367700740145287,,,
StopLossHunter_Initial_4,2021-Nov-05 16:38:59.837170,2021-Nov-05 16:38:59.837170,FILLED,FILL,MSFT,SELL,MARKET,DAY,0.000000,-1,0,-1,0,336.160000,0.008730,SIM-1001-101,dlariviere,FILL_SIMULATOR,IEX,367700740145288,,,
StopLossHunter_Initial_4,2021-Nov-05 16:39:20.918780,2021-Nov-05 16:39:20.918780,FILLED,FILL,MSFT,BUY,MARKET,DAY,0.000000,1,0,1,0,336.210000,0.001200,SIM-1001-101,dlariviere,FILL_SIMULATOR,IEX,367700740145289,,,
StopLossHunter_Initial_4,2021-Nov-05 16:49:28.069891,2021-Nov-05 16:49:28.069891,FILLED,FILL,MSFT,SELL,MARKET,DAY,0.000000,-1,0,-1,0,336.150000,0.008730,SIM-1001-101,dlariviere,FILL_SIMULATOR,IEX,367700740145290,,,
StopLossHunter_Initial_4,2021-Nov-05 16:49:35.593772,2021-Nov-05 16:49:35.593772,FILLED,FILL,MSFT,BUY,MARKET,DAY,0.000000,1,0,1,0,338.750000,0.001200,SIM-1001-101,dlariviere,FILL_SIMULATOR,IEX,367700740145291,,,
StopLossHunter_Initial_4,2021-Nov-05 16:49:37.255453,2021-Nov-05 16:49:37.255453,FILLED,FILL,MSFT,SELL,MARKET,DAY,0.000000,-1,0,-1,0,336.000000,0.008726,SIM-1001-101,dlariviere,FILL_SIMULATOR,IEX,367700740145292,,,
StopLossHunter_Initial_4,2021-Nov-05 16:49:37.262750,2021-Nov-05 16:49:37.262750,FILLED,FILL,MSFT,BUY,MARKET,DAY,0.000000,1,0,1,0,338.750000,0.001200,SIM-1001-101,dlariviere,FILL_SIMULATOR,IEX,367700740145293,,,
StopLossHunter_Initial_4,2021-Nov-05 16:50:02.076898,2021-Nov-05 16:50:02.076898,FILLED,FILL,MSFT,SELL,MARKET,DAY,0.000000,-1,0,-1,0,336.000000,0.008726,SIM-1001-101,dlariviere,FILL_SIMULATOR,IEX,367700740145294,,,
StopLossHunter_Initial_4,2021-Nov-05 16:50:02.076930,2021-Nov-05 16:50:02.076930,FILLED,FILL,MSFT,BUY,MARKET,DAY,0.000000,1,0,1,0,336.110000,0.001200,SIM-1001-101,dlariviere,FILL_SIMULATOR,IEX,367700740145295,,,
StopLossHunter_Initial_4,2021-Nov-05 16:50:03.772852,2021-Nov-05 16:50:03.772852,FILLED,FILL,MSFT,SELL,MARKET,DAY,0.000000,-1,0,-1,0,336.100000,0.008729,SIM-1001-101,dlariviere,FILL_SIMULATOR,IEX,367700740145296,,,
StopLossHunter_Initial_4,2021-Nov-05 16:50:19.706813,2021-Nov-05 16:50:19.706813,FILLED,FILL,MSFT,BUY,MARKET,DAY,0.000000,1,0,1,0,336.200000,0.001200,SIM-1001-101,dlariviere,FILL_SIMULATOR,IEX,367700740145297,,,
StopLossHunter_Initial_4,2021-Nov-05 16:51:07.883372,2021-Nov-05 16:51:07.883372,FILLED,FILL,MSFT,SELL,MARKET,DAY,0.000000,-1,0,-1,0,336.090000,0.008728,SIM-1001-101,dlariviere,FILL_SIMULATOR,IEX,367700740145298,,,
StopLossHunter_Initial_4,2021-Nov-05 16:51:21.003785,2021-Nov-05 16:51:21.003785,FILLED,FILL,MSFT,BUY,MARKET,DAY,0.000000,1,0,1,0,336.150000,0.001200,SIM-1001-101,dlariviere,FILL_SIMULATOR,IEX,367700740145299,,,
StopLossHunter_Initial_4,2021-Nov-05 16:57:50.726418,2021-Nov-05 16:57:50.726418,FILLED,FILL,MSFT,SELL,MARKET,DAY,0.000000,-1,0,-1,0,336.000000,0.008726,SIM-1001-101,dlariviere,FILL_SIMULATOR,IEX,367700740145300,,,
StopLossHunter_Initial_4,2021-Nov-05 16:57:50.880986,2021-Nov-05 16:57:50.880986,FILLED,FILL,MSFT,BUY,MARKET,DAY,0.000000,1,0,1,0,336.120000,0.001200,SIM-1001-101,dlariviere,FILL_SIMULATOR,IEX,367700740145301,,,
StopLossHunter_Initial_4,2021-Nov-05 16:57:57.202833,2021-Nov-05 16:57:57.202833,FILLED,FILL,MSFT,SELL,MARKET,DAY,0.000000,-1,0,-1,0,336.060000,0.008728,SIM-1001-101,dlariviere,FILL_SIMULATOR,IEX,367700740145302,,,
StopLossHunter_Initial_4,2021-Nov-05 16:58:15.593832,2021-Nov-05 16:58:15.593832,FILLED,FILL,MSFT,BUY,MARKET,DAY,0.000000,1,0,1,0,336.160000,0.001200,SIM-1001-101,dlariviere,FILL_SIMULATOR,IEX,367700740145303,,,
StopLossHunter_Initial_4,2021-Nov-05 16:58:27.056155,2021-Nov-05 16:58:27.056155,FILLED,FILL,MSFT,SELL,MARKET,DAY,0.000000,-1,0,-1,0,336.090000,0.008728,SIM-1001-101,dlariviere,FILL_SIMULATOR,IEX,367700740145304,,,
StopLossHunter_Initial_4,2021-Nov-05 16:58:47.003339,2021-Nov-05 16:58:47.003339,FILLED,FILL,MSFT,BUY,MARKET,DAY,0.000000,1,0,1,0,336.160000,0.001200,SIM-1001-101,dlariviere,FILL_SIMULATOR,IEX,367700740145305,,,
StopLossHunter_Initial_4,2021-Nov-05 17:07:14.066891,2021-Nov-05 17:07:14.066891,FILLED,FILL,MSFT,SELL,MARKET,DAY,0.000000,-1,0,-1,0,336.070000,0.008728,SIM-1001-101,dlariviere,FILL_SIMULATOR,IEX,367700740145306,,,
StopLossHunter_Initial_4,2021-Nov-05 17:07:19.655025,2021-Nov-05 17:07:19.655025,FILLED,FILL,MSFT,BUY,MARKET,DAY,0.000000,1,0,1,0,336.150000,0.001200,SIM-1001-101,dlariviere,FILL_SIMULATOR,IEX,367700740145307,,,
StopLossHunter_Initial_4,2021-Nov-05 17:07:27.432276,2021-Nov-05 17:07:27.432276,FILLED,FILL,MSFT,SELL,MARKET,DAY,0.000000,-1,0,-1,0,336.090000,0.008728,SIM-1001-101,dlariviere,FILL_SIMULATOR,IEX,367700740145308,,,
StopLossHunter_Initial_4,2021-Nov-05 17:07:30.015375,2021-Nov-05 17:07:30.015375,FILLED,FILL,MSFT,BUY,MARKET,DAY,0.000000,1,0,1,0,336.130000,0.001200,SIM-1001-101,dlariviere,FILL_SIMULATOR,IEX,367700740145309,,,
StopLossHunter_Initial_4,2021-Nov-05 17:07:54.425899,2021-Nov-05 17:07:54.425899,FILLED,FILL,MSFT,SELL,MARKET,DAY,0.000000,-1,0,-1,0,336.090000,0.008728,SIM-1001-101,dlariviere,FILL_SIMULATOR,IEX,367700740145310,,,
StopLossHunter_Initial_4,2021-Nov-05 17:08:00.704628,2021-Nov-05 17:08:00.704628,FILLED,FILL,MSFT,BUY,MARKET,DAY,0.000000,1,0,1,0,336.120000,0.001200,SIM-1001-101,dlariviere,FILL_SIMULATOR,IEX,367700740145311,,,
StopLossHunter_Initial_4,2021-Nov-05 17:09:14.297699,2021-Nov-05 17:09:14.297699,FILLED,FILL,MSFT,SELL,MARKET,DAY,0.000000,-1,0,-1,0,336.090000,0.008728,SIM-1001-101,dlariviere,FILL_SIMULATOR,IEX,367700740145312,,,
StopLossHunter_Initial_4,2021-Nov-05 17:09:57.153777,2021-Nov-05 17:09:57.153777,FILLED,FILL,MSFT,BUY,MARKET,DAY,0.000000,1,0,1,0,336.040000,0.001200,SIM-1001-101,dlariviere,FILL_SIMULATOR,IEX,367700740145313,,,
StopLossHunter_Initial_4,2021-Nov-05 17:09:57.153875,2021-Nov-05 17:09:57.153875,FILLED,FILL,MSFT,SELL,MARKET,DAY,0.000000,-1,0,-1,0,336.000000,0.008726,SIM-1001-101,dlariviere,FILL_SIMULATOR,IEX,367700740145314,,,
StopLossHunter_Initial_4,2021-Nov-05 17:09:59.060243,2021-Nov-05 17:09:59.060243,FILLED,FILL,MSFT,BUY,MARKET,DAY,0.000000,1,0,1,0,336.050000,0.001200,SIM-1001-101,dlariviere,FILL_SIMULATOR,IEX,367700740145315,,,
StopLossHunter_Initial_4,2021-Nov-05 17:10:30.408525,2021-Nov-05 17:10:30.408525,FILLED,FILL,MSFT,SELL,MARKET,DAY,0.000000,-1,0,-1,0,335.550000,0.008716,SIM-1001-101,dlariviere,FILL_SIMULATOR,IEX,367700740145316,,,
StopLossHunter_Initial_4,2021-Nov-05 17:10:30.807226,2021-Nov-05 17:10:30.807226,FILLED,FILL,MSFT,BUY,MARKET,DAY,0.000000,1,0,1,0,337.000000,0.001200,SIM-1001-101,dlariviere,FILL_SIMULATOR,IEX,367700740145317,,,
StopLossHunter_Initial_4,2021-Nov-05 17:10:31.966027,2021-Nov-05 17:10:31.966027,FILLED,FILL,MSFT,SELL,MARKET,DAY,0.000000,-1,0,-1,0,335.550000,0.008716,SIM-1001-101,dlariviere,FILL_SIMULATOR,IEX,367700740145318,,,
StopLossHunter_Initial_4,2021-Nov-05 17:10:31.966042,2021-Nov-05 17:10:31.966042,FILLED,FILL,MSFT,BUY,MARKET,DAY,0.000000,1,0,1,0,336.000000,0.001200,SIM-1001-101,dlariviere,FILL_SIMULATOR,IEX,367700740145319,,,
StopLossHunter_Initial_4,2021-Nov-05 17:10:31.970136,2021-Nov-05 17:10:31.970136,FILLED,FILL,MSFT,SELL,MARKET,DAY,0.000000,-1,0,-1,0,335.550000,0.008716,SIM-1001-101,dlariviere,FILL_SIMULATOR,IEX,367700740145320,,,
StopLossHunter_Initial_4,2021-Nov-05 17:10:31.970919,2021-Nov-05 17:10:31.970919,FILLED,FILL,MSFT,BUY,MARKET,DAY,0.000000,1,0,1,0,337.000000,0.001200,SIM-1001-101,dlariviere,FILL_SIMULATOR,IEX,367700740145321,,,
StopLossHunter_Initial_4,2021-Nov-05 17:10:34.861058,2021-Nov-05 17:10:34.861058,FILLED,FILL,MSFT,SELL,MARKET,DAY,0.000000,-1,0,-1,0,335.550000,0.008716,SIM-1001-101,dlariviere,FILL_SIMULATOR,IEX,367700740145322,,,
StopLossHunter_Initial_4,2021-Nov-05 17:10:34.861704,2021-Nov-05 17:10:34.861704,FILLED,FILL,MSFT,BUY,MARKET,DAY,0.000000,1,0,1,0,337.000000,0.001200,SIM-1001-101,dlariviere,FILL_SIMULATOR,IEX,367700740145323,,,
StopLossHunter_Initial_4,2021-Nov-05 17:10:35.653934,2021-Nov-05 17:10:35.653934,FILLED,FILL,MSFT,SELL,MARKET,DAY,0.000000,-1,0,-1,0,335.550000,0.008716,SIM-1001-101,dlariviere,FILL_SIMULATOR,IEX,367700740145324,,,
StopLossHunter_Initial_4,2021-Nov-05 17:10:36.546646,2021-Nov-05 17:10:36.546646,FILLED,FILL,MSFT,BUY,MARKET,DAY,0.000000,1,0,1,0,335.960000,0.001200,SIM-1001-101,dlariviere,FILL_SIMULATOR,IEX,367700740145325,,,
StopLossHunter_Initial_4,2021-Nov-05 17:10:36.553637,2021-Nov-05 17:10:36.553637,FILLED,FILL,MSFT,SELL,MARKET,DAY,0.000000,-1,0,-1,0,335.550000,0.008716,SIM-1001-101,dlariviere,FILL_SIMULATOR,IEX,367700740145326,,,
StopLossHunter_Initial_4,2021-Nov-05 17:10:38.397264,2021-Nov-05 17:10:38.397264,FILLED,FILL,MSFT,BUY,MARKET,DAY,0.000000,1,0,1,0,337.000000,0.001200,SIM-1001-101,dlariviere,FILL_SIMULATOR,IEX,367700740145327,,,
StopLossHunter_Initial_4,2021-Nov-05 17:10:44.726516,2021-Nov-05 17:10:44.726516,FILLED,FILL,MSFT,SELL,MARKET,DAY,0.000000,-1,0,-1,0,335.900000,0.008724,SIM-1001-101,dlariviere,FILL_SIMULATOR,IEX,367700740145328,,,
StopLossHunter_Initial_4,2021-Nov-05 17:11:14.263353,2021-Nov-05 17:11:14.263353,FILLED,FILL,MSFT,BUY,MARKET,DAY,0.000000,1,0,1,0,336.000000,0.001200,SIM-1001-101,dlariviere,FILL_SIMULATOR,IEX,367700740145329,,,
StopLossHunter_Initial_4,2021-Nov-05 17:11:23.558811,2021-Nov-05 17:11:23.558811,FILLED,FILL,MSFT,SELL,MARKET,DAY,0.000000,-1,0,-1,0,335.840000,0.008723,SIM-1001-101,dlariviere,FILL_SIMULATOR,IEX,367700740145330,,,
StopLossHunter_Initial_4,2021-Nov-05 17:11:31.641495,2021-Nov-05 17:11:31.641495,FILLED,FILL,MSFT,BUY,MARKET,DAY,0.000000,1,0,1,0,337.000000,0.001200,SIM-1001-101,dlariviere,FILL_SIMULATOR,IEX,367700740145331,,,
StopLossHunter_Initial_4,2021-Nov-05 17:23:19.786767,2021-Nov-05 17:23:19.786767,FILLED,FILL,MSFT,SELL,MARKET,DAY,0.000000,-1,0,-1,0,335.550000,0.008716,SIM-1001-101,dlariviere,FILL_SIMULATOR,IEX,367700740145332,,,
StopLossHunter_Initial_4,2021-Nov-05 17:23:20.029728,2021-Nov-05 17:23:20.029728,FILLED,FILL,MSFT,BUY,MARKET,DAY,0.000000,1,0,1,0,335.770000,0.001200,SIM-1001-101,dlariviere,FILL_SIMULATOR,IEX,367700740145333,,,
StopLossHunter_Initial_4,2021-Nov-05 17:23:35.862407,2021-Nov-05 17:23:35.862407,FILLED,FILL,MSFT,SELL,MARKET,DAY,0.000000,-1,0,-1,0,335.550000,0.008716,SIM-1001-101,dlariviere,FILL_SIMULATOR,IEX,367700740145334,,,
StopLossHunter_Initial_4,2021-Nov-05 17:23:42.306864,2021-Nov-05 17:23:42.306864,FILLED,FILL,MSFT,BUY,MARKET,DAY,0.000000,1,0,1,0,335.810000,0.001200,SIM-1001-101,dlariviere,FILL_SIMULATOR,IEX,367700740145335,,,
StopLossHunter_Initial_4,2021-Nov-05 17:24:30.190221,2021-Nov-05 17:24:30.190221,FILLED,FILL,MSFT,SELL,MARKET,DAY,0.000000,-1,0,-1,0,335.770000,0.008721,SIM-1001-101,dlariviere,FILL_SIMULATOR,IEX,367700740145336,,,
StopLossHunter_Initial_4,2021-Nov-05 17:24:36.064409,2021-Nov-05 17:24:36.064409,FILLED,FILL,MSFT,BUY,MARKET,DAY,0.000000,1,0,1,0,335.820000,0.001200,SIM-1001-101,dlariviere,FILL_SIMULATOR,IEX,367700740145337,,,
StopLossHunter_Initial_4,2021-Nov-05 17:24:39.042013,2021-Nov-05 17:24:39.042013,FILLED,FILL,MSFT,SELL,MARKET,DAY,0.000000,-1,0,-1,0,335.780000,0.008721,SIM-1001-101,dlariviere,FILL_SIMULATOR,IEX,367700740145338,,,
StopLossHunter_Initial_4,2021-Nov-05 17:25:00.507461,2021-Nov-05 17:25:00.507461,FILLED,FILL,MSFT,BUY,MARKET,DAY,0.000000,1,0,1,0,337.000000,0.001200,SIM-1001-101,dlariviere,FILL_SIMULATOR,IEX,367700740145339,,,
StopLossHunter_Initial_4,2021-Nov-05 17:25:02.184745,2021-Nov-05 17:25:02.184745,FILLED,FILL,MSFT,SELL,MARKET,DAY,0.000000,-1,0,-1,0,335.690000,0.008719,SIM-1001-101,dlariviere,FILL_SIMULATOR,IEX,367700740145340,,,
StopLossHunter_Initial_4,2021-Nov-05 17:25:07.052141,2021-Nov-05 17:25:07.052141,FILLED,FILL,MSFT,BUY,MARKET,DAY,0.000000,1,0,1,0,335.670000,0.001200,SIM-1001-101,dlariviere,FILL_SIMULATOR,IEX,367700740145341,,,
StopLossHunter_Initial_4,2021-Nov-05 17:25:10.916566,2021-Nov-05 17:25:10.916566,FILLED,FILL,MSFT,SELL,MARKET,DAY,0.000000,-1,0,-1,0,335.620000,0.008718,SIM-1001-101,dlariviere,FILL_SIMULATOR,IEX,367700740145342,,,
StopLossHunter_Initial_4,2021-Nov-05 17:25:18.497200,2021-Nov-05 17:25:18.497200,FILLED,FILL,MSFT,BUY,MARKET,DAY,0.000000,1,0,1,0,335.600000,0.001200,SIM-1001-101,dlariviere,FILL_SIMULATOR,IEX,367700740145343,,,
StopLossHunter_Initial_4,2021-Nov-05 17:25:20.704403,2021-Nov-05 17:25:20.704403,FILLED,FILL,MSFT,SELL,MARKET,DAY,0.000000,-1,0,-1,0,333.000000,0.008659,SIM-1001-101,dlariviere,FILL_SIMULATOR,IEX,367700740145344,,,
StopLossHunter_Initial_4,2021-Nov-05 17:25:23.569421,2021-Nov-05 17:25:23.569421,FILLED,FILL,MSFT,BUY,MARKET,DAY,0.000000,1,0,1,0,337.000000,0.001200,SIM-1001-101,dlariviere,FILL_SIMULATOR,IEX,367700740145345,,,
StopLossHunter_Initial_4,2021-Nov-05 17:25:33.675723,2021-Nov-05 17:25:33.675723,FILLED,FILL,MSFT,SELL,MARKET,DAY,0.000000,-1,0,-1,0,335.430000,0.008714,SIM-1001-101,dlariviere,FILL_SIMULATOR,IEX,367700740145346,,,
StopLossHunter_Initial_4,2021-Nov-05 17:25:59.095326,2021-Nov-05 17:25:59.095326,FILLED,FILL,MSFT,BUY,MARKET,DAY,0.000000,1,0,1,0,335.370000,0.001200,SIM-1001-101,dlariviere,FILL_SIMULATOR,IEX,367700740145347,,,
StopLossHunter_Initial_4,2021-Nov-05 17:26:00.977584,2021-Nov-05 17:26:00.977584,FILLED,FILL,MSFT,SELL,MARKET,DAY,0.000000,-1,0,-1,0,335.380000,0.008713,SIM-1001-101,dlariviere,FILL_SIMULATOR,IEX,367700740145348,,,
StopLossHunter_Initial_4,2021-Nov-05 17:26:08.972638,2021-Nov-05 17:26:08.972638,FILLED,FILL,MSFT,BUY,MARKET,DAY,0.000000,1,0,1,0,335.410000,0.001200,SIM-1001-101,dlariviere,FILL_SIMULATOR,IEX,367700740145349,,,
StopLossHunter_Initial_4,2021-Nov-05 17:26:11.159033,2021-Nov-05 17:26:11.159033,FILLED,FILL,MSFT,SELL,MARKET,DAY,0.000000,-1,0,-1,0,335.340000,0.008712,SIM-1001-101,dlariviere,FILL_SIMULATOR,IEX,367700740145350,,,
StopLossHunter_Initial_4,2021-Nov-05 17:26:17.055657,2021-Nov-05 17:26:17.055657,FILLED,FILL,MSFT,BUY,MARKET,DAY,0.000000,1,0,1,0,337.000000,0.001200,SIM-1001-101,dlariviere,FILL_SIMULATOR,IEX,367700740145351,,,
StopLossHunter_Initial_4,2021-Nov-05 17:26:17.086417,2021-Nov-05 17:26:17.086417,FILLED,FILL,MSFT,SELL,MARKET,DAY,0.000000,-1,0,-1,0,335.280000,0.008710,SIM-1001-101,dlariviere,FILL_SIMULATOR,IEX,367700740145352,,,
StopLossHunter_Initial_4,2021-Nov-05 17:26:29.593448,2021-Nov-05 17:26:29.593448,FILLED,FILL,MSFT,BUY,MARKET,DAY,0.000000,1,0,1,0,335.360000,0.001200,SIM-1001-101,dlariviere,FILL_SIMULATOR,IEX,367700740145353,,,
StopLossHunter_Initial_4,2021-Nov-05 17:26:39.991422,2021-Nov-05 17:26:39.991422,FILLED,FILL,MSFT,SELL,MARKET,DAY,0.000000,-1,0,-1,0,335.300000,0.008711,SIM-1001-101,dlariviere,FILL_SIMULATOR,IEX,367700740145354,,,
StopLossHunter_Initial_4,2021-Nov-05 17:26:53.657127,2021-Nov-05 17:26:53.657127,FILLED,FILL,MSFT,BUY,MARKET,DAY,0.000000,1,0,1,0,337.000000,0.001200,SIM-1001-101,dlariviere,FILL_SIMULATOR,IEX,367700740145355,,,
StopLossHunter_Initial_4,2021-Nov-05 17:26:54.657458,2021-Nov-05 17:26:54.657458,FILLED,FILL,MSFT,SELL,MARKET,DAY,0.000000,-1,0,-1,0,335.180000,0.008708,SIM-1001-101,dlariviere,FILL_SIMULATOR,IEX,367700740145356,,,
StopLossHunter_Initial_4,2021-Nov-05 17:26:57.057533,2021-Nov-05 17:26:57.057533,FILLED,FILL,MSFT,BUY,MARKET,DAY,0.000000,1,0,1,0,337.000000,0.001200,SIM-1001-101,dlariviere,FILL_SIMULATOR,IEX,367700740145357,,,
StopLossHunter_Initial_4,2021-Nov-05 17:27:56.661364,2021-Nov-05 17:27:56.661364,FILLED,FILL,MSFT,SELL,MARKET,DAY,0.000000,-1,0,-1,0,335.100000,0.008706,SIM-1001-101,dlariviere,FILL_SIMULATOR,IEX,367700740145358,,,
StopLossHunter_Initial_4,2021-Nov-05 17:28:04.378917,2021-Nov-05 17:28:04.378917,FILLED,FILL,MSFT,BUY,MARKET,DAY,0.000000,1,0,1,0,337.000000,0.001200,SIM-1001-101,dlariviere,FILL_SIMULATOR,IEX,367700740145359,,,
StopLossHunter_Initial_4,2021-Nov-05 17:28:13.746073,2021-Nov-05 17:28:13.746073,FILLED,FILL,MSFT,SELL,MARKET,DAY,0.000000,-1,0,-1,0,335.100000,0.008706,SIM-1001-101,dlariviere,FILL_SIMULATOR,IEX,367700740145360,,,
StopLossHunter_Initial_4,2021-Nov-05 17:28:28.319983,2021-Nov-05 17:28:28.319983,FILLED,FILL,MSFT,BUY,MARKET,DAY,0.000000,1,0,1,0,335.110000,0.001200,SIM-1001-101,dlariviere,FILL_SIMULATOR,IEX,367700740145361,,,
StopLossHunter_Initial_4,2021-Nov-05 17:28:29.883142,2021-Nov-05 17:28:29.883142,FILLED,FILL,MSFT,SELL,MARKET,DAY,0.000000,-1,0,-1,0,335.040000,0.008705,SIM-1001-101,dlariviere,FILL_SIMULATOR,IEX,367700740145362,,,
StopLossHunter_Initial_4,2021-Nov-05 17:28:34.099672,2021-Nov-05 17:28:34.099672,FILLED,FILL,MSFT,BUY,MARKET,DAY,0.000000,1,0,1,0,335.220000,0.001200,SIM-1001-101,dlariviere,FILL_SIMULATOR,IEX,367700740145363,,,
StopLossHunter_Initial_4,2021-Nov-05 17:28:34.250125,2021-Nov-05 17:28:34.250125,FILLED,FILL,MSFT,SELL,MARKET,DAY,0.000000,-1,0,-1,0,335.030000,0.008705,SIM-1001-101,dlariviere,FILL_SIMULATOR,IEX,367700740145364,,,
StopLossHunter_Initial_4,2021-Nov-05 17:28:35.262713,2021-Nov-05 17:28:35.262713,FILLED,FILL,MSFT,BUY,MARKET,DAY,0.000000,1,0,1,0,335.220000,0.001200,SIM-1001-101,dlariviere,FILL_SIMULATOR,IEX,367700740145365,,,
StopLossHunter_Initial_4,2021-Nov-05 17:28:35.263575,2021-Nov-05 17:28:35.263575,FILLED,FILL,MSFT,SELL,MARKET,DAY,0.000000,-1,0,-1,0,335.050000,0.008705,SIM-1001-101,dlariviere,FILL_SIMULATOR,IEX,367700740145366,,,
StopLossHunter_Initial_4,2021-Nov-05 17:28:47.355744,2021-Nov-05 17:28:47.355744,FILLED,FILL,MSFT,BUY,MARKET,DAY,0.000000,1,0,1,0,337.000000,0.001200,SIM-1001-101,dlariviere,FILL_SIMULATOR,IEX,367700740145367,,,
StopLossHunter_Initial_4,2021-Nov-05 17:28:47.448425,2021-Nov-05 17:28:47.448425,FILLED,FILL,MSFT,SELL,MARKET,DAY,0.000000,-1,0,-1,0,333.000000,0.008659,SIM-1001-101,dlariviere,FILL_SIMULATOR,IEX,367700740145368,,,
StopLossHunter_Initial_4,2021-Nov-05 17:28:47.461395,2021-Nov-05 17:28:47.461395,FILLED,FILL,MSFT,BUY,MARKET,DAY,0.000000,1,0,1,0,337.000000,0.001200,SIM-1001-101,dlariviere,FILL_SIMULATOR,IEX,367700740145369,,,
StopLossHunter_Initial_4,2021-Nov-05 17:28:47.461404,2021-Nov-05 17:28:47.461404,FILLED,FILL,MSFT,SELL,MARKET,DAY,0.000000,-1,0,-1,0,333.000000,0.008659,SIM-1001-101,dlariviere,FILL_SIMULATOR,IEX,367700740145370,,,
StopLossHunter_Initial_4,2021-Nov-05 17:28:47.548760,2021-Nov-05 17:28:47.548760,FILLED,FILL,MSFT,BUY,MARKET,DAY,0.000000,1,0,1,0,337.000000,0.001200,SIM-1001-101,dlariviere,FILL_SIMULATOR,IEX,367700740145371,,,
StopLossHunter_Initial_4,2021-Nov-05 17:28:47.552228,2021-Nov-05 17:28:47.552228,FILLED,FILL,MSFT,SELL,MARKET,DAY,0.000000,-1,0,-1,0,333.000000,0.008659,SIM-1001-101,dlariviere,FILL_SIMULATOR,IEX,367700740145372,,,
StopLossHunter_Initial_4,2021-Nov-05 17:28:49.880910,2021-Nov-05 17:28:49.880910,FILLED,FILL,MSFT,BUY,MARKET,DAY,0.000000,1,0,1,0,334.930000,0.001200,SIM-1001-101,dlariviere,FILL_SIMULATOR,IEX,367700740145373,,,
StopLossHunter_Initial_4,2021-Nov-05 17:29:20.799739,2021-Nov-05 17:29:20.799739,FILLED,FILL,MSFT,SELL,MARKET,DAY,0.000000,-1,0,-1,0,333.000000,0.008659,SIM-1001-101,dlariviere,FILL_SIMULATOR,IEX,367700740145374,,,
StopLossHunter_Initial_4,2021-Nov-05 17:29:20.802135,2021-Nov-05 17:29:20.802135,FILLED,FILL,MSFT,BUY,MARKET,DAY,0.000000,1,0,1,0,337.000000,0.001200,SIM-1001-101,dlariviere,FILL_SIMULATOR,IEX,367700740145375,,,
StopLossHunter_Initial_4,2021-Nov-05 17:29:23.942107,2021-Nov-05 17:29:23.942107,FILLED,FILL,MSFT,SELL,MARKET,DAY,0.000000,-1,0,-1,0,334.600000,0.008695,SIM-1001-101,dlariviere,FILL_SIMULATOR,IEX,367700740145376,,,
StopLossHunter_Initial_4,2021-Nov-05 17:29:36.838022,2021-Nov-05 17:29:36.838022,FILLED,FILL,MSFT,BUY,MARKET,DAY,0.000000,1,0,1,0,337.000000,0.001200,SIM-1001-101,dlariviere,FILL_SIMULATOR,IEX,367700740145377,,,
StopLossHunter_Initial_4,2021-Nov-05 17:29:38.761134,2021-Nov-05 17:29:38.761134,FILLED,FILL,MSFT,SELL,MARKET,DAY,0.000000,-1,0,-1,0,333.000000,0.008659,SIM-1001-101,dlariviere,FILL_SIMULATOR,IEX,367700740145378,,,
StopLossHunter_Initial_4,2021-Nov-05 17:29:42.196523,2021-Nov-05 17:29:42.196523,FILLED,FILL,MSFT,BUY,MARKET,DAY,0.000000,1,0,1,0,334.590000,0.001200,SIM-1001-101,dlariviere,FILL_SIMULATOR,IEX,367700740145379,,,
StopLossHunter_Initial_4,2021-Nov-05 17:29:42.780811,2021-Nov-05 17:29:42.780811,FILLED,FILL,MSFT,SELL,MARKET,DAY,0.000000,-1,0,-1,0,334.560000,0.008694,SIM-1001-101,dlariviere,FILL_SIMULATOR,IEX,367700740145380,,,
StopLossHunter_Initial_4,2021-Nov-05 17:29:43.943539,2021-Nov-05 17:29:43.943539,FILLED,FILL,MSFT,BUY,MARKET,DAY,0.000000,1,0,1,0,334.620000,0.001200,SIM-1001-101,dlariviere,FILL_SIMULATOR,IEX,367700740145381,,,
StopLossHunter_Initial_4,2021-Nov-05 17:29:46.714635,2021-Nov-05 17:29:46.714635,FILLED,FILL,MSFT,SELL,MARKET,DAY,0.000000,-1,0,-1,0,334.580000,0.008695,SIM-1001-101,dlariviere,FILL_SIMULATOR,IEX,367700740145382,,,
StopLossHunter_Initial_4,2021-Nov-05 17:30:06.445035,2021-Nov-05 17:30:06.445035,FILLED,FILL,MSFT,BUY,MARKET,DAY,0.000000,1,0,1,0,334.500000,0.001200,SIM-1001-101,dlariviere,FILL_SIMULATOR,IEX,367700740145383,,,
StopLossHunter_Initial_4,2021-Nov-05 17:30:06.455997,2021-Nov-05 17:30:06.455997,FILLED,FILL,MSFT,SELL,MARKET,DAY,0.000000,-1,0,-1,0,333.000000,0.008659,SIM-1001-101,dlariviere,FILL_SIMULATOR,IEX,367700740145384,,,
StopLossHunter_Initial_4,2021-Nov-05 17:30:06.591876,2021-Nov-05 17:30:06.591876,FILLED,FILL,MSFT,BUY,MARKET,DAY,0.000000,1,0,1,0,334.580000,0.001200,SIM-1001-101,dlariviere,FILL_SIMULATOR,IEX,367700740145385,,,
StopLossHunter_Initial_4,2021-Nov-05 17:30:07.376186,2021-Nov-05 17:30:07.376186,FILLED,FILL,MSFT,SELL,MARKET,DAY,0.000000,-1,0,-1,0,333.000000,0.008659,SIM-1001-101,dlariviere,FILL_SIMULATOR,IEX,367700740145386,,,
StopLossHunter_Initial_4,2021-Nov-05 17:30:07.829110,2021-Nov-05 17:30:07.829110,FILLED,FILL,MSFT,BUY,MARKET,DAY,0.000000,1,0,1,0,334.580000,0.001200,SIM-1001-101,dlariviere,FILL_SIMULATOR,IEX,367700740145387,,,
StopLossHunter_Initial_4,2021-Nov-05 17:30:08.133590,2021-Nov-05 17:30:08.133590,FILLED,FILL,MSFT,SELL,MARKET,DAY,0.000000,-1,0,-1,0,334.420000,0.008691,SIM-1001-101,dlariviere,FILL_SIMULATOR,IEX,367700740145388,,,
StopLossHunter_Initial_4,2021-Nov-05 17:30:08.215753,2021-Nov-05 17:30:08.215753,FILLED,FILL,MSFT,BUY,MARKET,DAY,0.000000,1,0,1,0,334.580000,0.001200,SIM-1001-101,dlariviere,FILL_SIMULATOR,IEX,367700740145389,,,
StopLossHunter_Initial_4,2021-Nov-05 17:46:43.574510,2021-Nov-05 17:46:43.574510,FILLED,FILL,MSFT,SELL,MARKET,DAY,0.000000,-1,0,-1,0,333.000000,0.008659,SIM-1001-101,dlariviere,FILL_SIMULATOR,IEX,367700740145390,,,
StopLossHunter_Initial_4,2021-Nov-05 17:46:49.262848,2021-Nov-05 17:46:49.262848,FILLED,FILL,MSFT,BUY,MARKET,DAY,0.000000,1,0,1,0,334.510000,0.001200,SIM-1001-101,dlariviere,FILL_SIMULATOR,IEX,367700740145391,,,
StopLossHunter_Initial_4,2021-Nov-05 17:46:56.550556,2021-Nov-05 17:46:56.550556,FILLED,FILL,MSFT,SELL,MARKET,DAY,0.000000,-1,0,-1,0,333.000000,0.008659,SIM-1001-101,dlariviere,FILL_SIMULATOR,IEX,367700740145392,,,
StopLossHunter_Initial_4,2021-Nov-05 17:46:58.890472,2021-Nov-05 17:46:58.890472,FILLED,FILL,MSFT,BUY,MARKET,DAY,0.000000,1,0,1,0,334.580000,0.001200,SIM-1001-101,dlariviere,FILL_SIMULATOR,IEX,367700740145393,,,
StopLossHunter_Initial_4,2021-Nov-05 17:47:18.303382,2021-Nov-05 17:47:18.303382,FILLED,FILL,MSFT,SELL,MARKET,DAY,0.000000,-1,0,-1,0,333.000000,0.008659,SIM-1001-101,dlariviere,FILL_SIMULATOR,IEX,367700740145394,,,
StopLossHunter_Initial_4,2021-Nov-05 17:47:19.770140,2021-Nov-05 17:47:19.770140,FILLED,FILL,MSFT,BUY,MARKET,DAY,0.000000,1,0,1,0,337.000000,0.001200,SIM-1001-101,dlariviere,FILL_SIMULATOR,IEX,367700740145395,,,
StopLossHunter_Initial_4,2021-Nov-05 17:47:24.228916,2021-Nov-05 17:47:24.228916,FILLED,FILL,MSFT,SELL,MARKET,DAY,0.000000,-1,0,-1,0,333.000000,0.008659,SIM-1001-101,dlariviere,FILL_SIMULATOR,IEX,367700740145396,,,
StopLossHunter_Initial_4,2021-Nov-05 17:47:32.889869,2021-Nov-05 17:47:32.889869,FILLED,FILL,MSFT,BUY,MARKET,DAY,0.000000,1,0,1,0,337.000000,0.001200,SIM-1001-101,dlariviere,FILL_SIMULATOR,IEX,367700740145397,,,
StopLossHunter_Initial_4,2021-Nov-05 17:48:53.606862,2021-Nov-05 17:48:53.606862,FILLED,FILL,MSFT,SELL,MARKET,DAY,0.000000,-1,0,-1,0,334.450000,0.008692,SIM-1001-101,dlariviere,FILL_SIMULATOR,IEX,367700740145398,,,
StopLossHunter_Initial_4,2021-Nov-05 17:49:35.490257,2021-Nov-05 17:49:35.490257,FILLED,FILL,MSFT,BUY,MARKET,DAY,0.000000,1,0,1,0,334.520000,0.001200,SIM-1001-101,dlariviere,FILL_SIMULATOR,IEX,367700740145399,,,
StopLossHunter_Initial_4,2021-Nov-05 18:14:34.421445,2021-Nov-05 18:14:34.421445,FILLED,FILL,MSFT,BUY,MARKET,DAY,0.000000,1,0,1,0,337.000000,0.001200,SIM-1001-101,dlariviere,FILL_SIMULATOR,IEX,367700740145400,,,
StopLossHunter_Initial_4,2021-Nov-05 18:14:34.491303,2021-Nov-05 18:14:34.491303,FILLED,FILL,MSFT,SELL,MARKET,DAY,0.000000,-1,0,-1,0,335.370000,0.008712,SIM-1001-101,dlariviere,FILL_SIMULATOR,IEX,367700740145401,,,
StopLossHunter_Initial_4,2021-Nov-05 18:14:55.152557,2021-Nov-05 18:14:55.152557,FILLED,FILL,MSFT,BUY,MARKET,DAY,0.000000,1,0,1,0,335.400000,0.001200,SIM-1001-101,dlariviere,FILL_SIMULATOR,IEX,367700740145402,,,
StopLossHunter_Initial_4,2021-Nov-05 18:14:55.183123,2021-Nov-05 18:14:55.183123,FILLED,FILL,MSFT,SELL,MARKET,DAY,0.000000,-1,0,-1,0,333.000000,0.008659,SIM-1001-101,dlariviere,FILL_SIMULATOR,IEX,367700740145403,,,
StopLossHunter_Initial_4,2021-Nov-05 18:15:03.067543,2021-Nov-05 18:15:03.067543,FILLED,FILL,MSFT,BUY,MARKET,DAY,0.000000,1,0,1,0,335.400000,0.001200,SIM-1001-101,dlariviere,FILL_SIMULATOR,IEX,367700740145404,,,
StopLossHunter_Initial_4,2021-Nov-05 18:15:38.604568,2021-Nov-05 18:15:38.604568,FILLED,FILL,MSFT,SELL,MARKET,DAY,0.000000,-1,0,-1,0,335.490000,0.008715,SIM-1001-101,dlariviere,FILL_SIMULATOR,IEX,367700740145405,,,
StopLossHunter_Initial_4,2021-Nov-05 18:15:39.474775,2021-Nov-05 18:15:39.474775,FILLED,FILL,MSFT,BUY,MARKET,DAY,0.000000,1,0,1,0,335.470000,0.001200,SIM-1001-101,dlariviere,FILL_SIMULATOR,IEX,367700740145406,,,
StopLossHunter_Initial_4,2021-Nov-05 18:15:51.760143,2021-Nov-05 18:15:51.760143,FILLED,FILL,MSFT,SELL,MARKET,DAY,0.000000,-1,0,-1,0,335.500000,0.008715,SIM-1001-101,dlariviere,FILL_SIMULATOR,IEX,367700740145407,,,
StopLossHunter_Initial_4,2021-Nov-05 18:16:03.291503,2021-Nov-05 18:16:03.291503,FILLED,FILL,MSFT,BUY,MARKET,DAY,0.000000,1,0,1,0,335.540000,0.001200,SIM-1001-101,dlariviere,FILL_SIMULATOR,IEX,367700740145408,,,
StopLossHunter_Initial_4,2021-Nov-05 18:16:05.950130,2021-Nov-05 18:16:05.950130,FILLED,FILL,MSFT,SELL,MARKET,DAY,0.000000,-1,0,-1,0,333.000000,0.008659,SIM-1001-101,dlariviere,FILL_SIMULATOR,IEX,367700740145409,,,
StopLossHunter_Initial_4,2021-Nov-05 18:16:17.210196,2021-Nov-05 18:16:17.210196,FILLED,FILL,MSFT,BUY,MARKET,DAY,0.000000,1,0,1,0,337.000000,0.001200,SIM-1001-101,dlariviere,FILL_SIMULATOR,IEX,367700740145410,,,
StopLossHunter_Initial_4,2021-Nov-05 18:16:25.204183,2021-Nov-05 18:16:25.204183,FILLED,FILL,MSFT,SELL,MARKET,DAY,0.000000,-1,0,-1,0,335.470000,0.008715,SIM-1001-101,dlariviere,FILL_SIMULATOR,IEX,367700740145411,,,
StopLossHunter_Initial_4,2021-Nov-05 18:16:36.246988,2021-Nov-05 18:16:36.246988,FILLED,FILL,MSFT,BUY,MARKET,DAY,0.000000,1,0,1,0,335.530000,0.001200,SIM-1001-101,dlariviere,FILL_SIMULATOR,IEX,367700740145412,,,
StopLossHunter_Initial_4,2021-Nov-05 18:16:44.041822,2021-Nov-05 18:16:44.041822,FILLED,FILL,MSFT,SELL,MARKET,DAY,0.000000,-1,0,-1,0,335.540000,0.008716,SIM-1001-101,dlariviere,FILL_SIMULATOR,IEX,367700740145413,,,
StopLossHunter_Initial_4,2021-Nov-05 18:18:27.690104,2021-Nov-05 18:18:27.690104,FILLED,FILL,MSFT,BUY,MARKET,DAY,0.000000,1,0,1,0,335.580000,0.001200,SIM-1001-101,dlariviere,FILL_SIMULATOR,IEX,367700740145414,,,
StopLossHunter_Initial_4,2021-Nov-05 18:18:38.221306,2021-Nov-05 18:18:38.221306,FILLED,FILL,MSFT,SELL,MARKET,DAY,0.000000,-1,0,-1,0,335.520000,0.008716,SIM-1001-101,dlariviere,FILL_SIMULATOR,IEX,367700740145415,,,
StopLossHunter_Initial_4,2021-Nov-05 18:28:50.447283,2021-Nov-05 18:28:50.447283,FILLED,FILL,MSFT,BUY,MARKET,DAY,0.000000,1,0,1,0,335.590000,0.001200,SIM-1001-101,dlariviere,FILL_SIMULATOR,IEX,367700740145416,,,
StopLossHunter_Initial_4,2021-Nov-05 18:29:06.458121,2021-Nov-05 18:29:06.458121,FILLED,FILL,MSFT,SELL,MARKET,DAY,0.000000,-1,0,-1,0,333.000000,0.008659,SIM-1001-101,dlariviere,FILL_SIMULATOR,IEX,367700740145417,,,
StopLossHunter_Initial_4,2021-Nov-05 18:29:09.260860,2021-Nov-05 18:29:09.260860,FILLED,FILL,MSFT,BUY,MARKET,DAY,0.000000,1,0,1,0,337.000000,0.001200,SIM-1001-101,dlariviere,FILL_SIMULATOR,IEX,367700740145418,,,
StopLossHunter_Initial_4,2021-Nov-05 18:29:12.249980,2021-Nov-05 18:29:12.249980,FILLED,FILL,MSFT,SELL,MARKET,DAY,0.000000,-1,0,-1,0,333.000000,0.008659,SIM-1001-101,dlariviere,FILL_SIMULATOR,IEX,367700740145419,,,
StopLossHunter_Initial_4,2021-Nov-05 18:29:14.579833,2021-Nov-05 18:29:14.579833,FILLED,FILL,MSFT,BUY,MARKET,DAY,0.000000,1,0,1,0,337.000000,0.001200,SIM-1001-101,dlariviere,FILL_SIMULATOR,IEX,367700740145420,,,
StopLossHunter_Initial_4,2021-Nov-05 18:29:19.839205,2021-Nov-05 18:29:19.839205,FILLED,FILL,MSFT,SELL,MARKET,DAY,0.000000,-1,0,-1,0,335.640000,0.008718,SIM-1001-101,dlariviere,FILL_SIMULATOR,IEX,367700740145421,,,
StopLossHunter_Initial_4,2021-Nov-05 18:29:23.831500,2021-Nov-05 18:29:23.831500,FILLED,FILL,MSFT,BUY,MARKET,DAY,0.000000,1,0,1,0,337.000000,0.001200,SIM-1001-101,dlariviere,FILL_SIMULATOR,IEX,367700740145422,,,
StopLossHunter_Initial_4,2021-Nov-05 18:29:25.367344,2021-Nov-05 18:29:25.367344,FILLED,FILL,MSFT,SELL,MARKET,DAY,0.000000,-1,0,-1,0,335.700000,0.008720,SIM-1001-101,dlariviere,FILL_SIMULATOR,IEX,367700740145423,,,
StopLossHunter_Initial_4,2021-Nov-05 18:29:26.501954,2021-Nov-05 18:29:26.501954,FILLED,FILL,MSFT,BUY,MARKET,DAY,0.000000,1,0,1,0,337.000000,0.001200,SIM-1001-101,dlariviere,FILL_SIMULATOR,IEX,367700740145424,,,
StopLossHunter_Initial_4,2021-Nov-05 18:29:26.503907,2021-Nov-05 18:29:26.503907,FILLED,FILL,MSFT,SELL,MARKET,DAY,0.000000,-1,0,-1,0,335.640000,0.008718,SIM-1001-101,dlariviere,FILL_SIMULATOR,IEX,367700740145425,,,
StopLossHunter_Initial_4,2021-Nov-05 18:45:25.137787,2021-Nov-05 18:45:25.137787,FILLED,FILL,MSFT,BUY,MARKET,DAY,0.000000,1,0,1,0,335.700000,0.001200,SIM-1001-101,dlariviere,FILL_SIMULATOR,IEX,367700740145426,,,
StopLossHunter_Initial_4,2021-Nov-05 18:45:48.870370,2021-Nov-05 18:45:48.870370,FILLED,FILL,MSFT,SELL,MARKET,DAY,0.000000,-1,0,-1,0,335.620000,0.008718,SIM-1001-101,dlariviere,FILL_SIMULATOR,IEX,367700740145427,,,
StopLossHunter_Initial_4,2021-Nov-05 18:45:55.963954,2021-Nov-05 18:45:55.963954,FILLED,FILL,MSFT,BUY,MARKET,DAY,0.000000,1,0,1,0,335.770000,0.001200,SIM-1001-101,dlariviere,FILL_SIMULATOR,IEX,367700740145428,,,
StopLossHunter_Initial_4,2021-Nov-05 18:46:17.436911,2021-Nov-05 18:46:17.436911,FILLED,FILL,MSFT,SELL,MARKET,DAY,0.000000,-1,0,-1,0,335.620000,0.008718,SIM-1001-101,dlariviere,FILL_SIMULATOR,IEX,367700740145429,,,
StopLossHunter_Initial_4,2021-Nov-05 18:46:28.872169,2021-Nov-05 18:46:28.872169,FILLED,FILL,MSFT,BUY,MARKET,DAY,0.000000,1,0,1,0,335.760000,0.001200,SIM-1001-101,dlariviere,FILL_SIMULATOR,IEX,367700740145430,,,
StopLossHunter_Initial_4,2021-Nov-05 18:46:41.445175,2021-Nov-05 18:46:41.445175,FILLED,FILL,MSFT,SELL,MARKET,DAY,0.000000,-1,0,-1,0,335.680000,0.008719,SIM-1001-101,dlariviere,FILL_SIMULATOR,IEX,367700740145431,,,
StopLossHunter_Initial_4,2021-Nov-05 18:47:07.282404,2021-Nov-05 18:47:07.282404,FILLED,FILL,MSFT,BUY,MARKET,DAY,0.000000,1,0,1,0,335.760000,0.001200,SIM-1001-101,dlariviere,FILL_SIMULATOR,IEX,367700740145432,,,
StopLossHunter_Initial_4,2021-Nov-05 18:47:14.295934,2021-Nov-05 18:47:14.295934,FILLED,FILL,MSFT,SELL,MARKET,DAY,0.000000,-1,0,-1,0,335.800000,0.008722,SIM-1001-101,dlariviere,FILL_SIMULATOR,IEX,367700740145433,,,
StopLossHunter_Initial_4,2021-Nov-05 18:47:14.546018,2021-Nov-05 18:47:14.546018,FILLED,FILL,MSFT,BUY,MARKET,DAY,0.000000,1,0,1,0,337.000000,0.001200,SIM-1001-101,dlariviere,FILL_SIMULATOR,IEX,367700740145434,,,
StopLossHunter_Initial_4,2021-Nov-05 18:47:14.835909,2021-Nov-05 18:47:14.835909,FILLED,FILL,MSFT,SELL,MARKET,DAY,0.000000,-1,0,-1,0,335.820000,0.008722,SIM-1001-101,dlariviere,FILL_SIMULATOR,IEX,367700740145435,,,
StopLossHunter_Initial_4,2021-Nov-05 18:47:15.139278,2021-Nov-05 18:47:15.139278,FILLED,FILL,MSFT,BUY,MARKET,DAY,0.000000,1,0,1,0,337.000000,0.001200,SIM-1001-101,dlariviere,FILL_SIMULATOR,IEX,367700740145436,,,
StopLossHunter_Initial_4,2021-Nov-05 18:47:16.036542,2021-Nov-05 18:47:16.036542,FILLED,FILL,MSFT,SELL,MARKET,DAY,0.000000,-1,0,-1,0,335.830000,0.008723,SIM-1001-101,dlariviere,FILL_SIMULATOR,IEX,367700740145437,,,
StopLossHunter_Initial_4,2021-Nov-05 18:47:19.802364,2021-Nov-05 18:47:19.802364,FILLED,FILL,MSFT,BUY,MARKET,DAY,0.000000,1,0,1,0,335.860000,0.001200,SIM-1001-101,dlariviere,FILL_SIMULATOR,IEX,367700740145438,,,
StopLossHunter_Initial_4,2021-Nov-05 18:47:23.220578,2021-Nov-05 18:47:23.220578,FILLED,FILL,MSFT,SELL,MARKET,DAY,0.000000,-1,0,-1,0,335.860000,0.008723,SIM-1001-101,dlariviere,FILL_SIMULATOR,IEX,367700740145439,,,
StopLossHunter_Initial_4,2021-Nov-05 19:00:00.926778,2021-Nov-05 19:00:00.926778,FILLED,FILL,MSFT,BUY,MARKET,DAY,0.000000,1,0,1,0,337.000000,0.001200,SIM-1001-101,dlariviere,FILL_SIMULATOR,IEX,367700740145440,,,
StopLossHunter_Initial_4,2021-Nov-05 19:00:00.934533,2021-Nov-05 19:00:00.934533,FILLED,FILL,MSFT,SELL,MARKET,DAY,0.000000,-1,0,-1,0,335.900000,0.008724,SIM-1001-101,dlariviere,FILL_SIMULATOR,IEX,367700740145441,,,
StopLossHunter_Initial_4,2021-Nov-05 19:00:00.936483,2021-Nov-05 19:00:00.936483,FILLED,FILL,MSFT,BUY,MARKET,DAY,0.000000,1,0,1,0,335.920000,0.001200,SIM-1001-101,dlariviere,FILL_SIMULATOR,IEX,367700740145442,,,
StopLossHunter_Initial_4,2021-Nov-05 19:00:01.574141,2021-Nov-05 19:00:01.574141,FILLED,FILL,MSFT,SELL,MARKET,DAY,0.000000,-1,0,-1,0,335.890000,0.008724,SIM-1001-101,dlariviere,FILL_SIMULATOR,IEX,367700740145443,,,
StopLossHunter_Initial_4,2021-Nov-05 19:00:01.745189,2021-Nov-05 19:00:01.745189,FILLED,FILL,MSFT,BUY,MARKET,DAY,0.000000,1,0,1,0,335.910000,0.001200,SIM-1001-101,dlariviere,FILL_SIMULATOR,IEX,367700740145444,,,
StopLossHunter_Initial_4,2021-Nov-05 19:00:06.662675,2021-Nov-05 19:00:06.662675,FILLED,FILL,MSFT,SELL,MARKET,DAY,0.000000,-1,0,-1,0,335.750000,0.008721,SIM-1001-101,dlariviere,FILL_SIMULATOR,IEX,367700740145445,,,
StopLossHunter_Initial_4,2021-Nov-05 19:11:00.494414,2021-Nov-05 19:11:00.494414,FILLED,FILL,MSFT,BUY,MARKET,DAY,0.000000,1,0,1,0,335.900000,0.001200,SIM-1001-101,dlariviere,FILL_SIMULATOR,IEX,367700740145446,,,
StopLossHunter_Initial_4,2021-Nov-05 19:11:07.339960,2021-Nov-05 19:11:07.339960,FILLED,FILL,MSFT,SELL,MARKET,DAY,0.000000,-1,0,-1,0,335.800000,0.008722,SIM-1001-101,dlariviere,FILL_SIMULATOR,IEX,367700740145447,,,
StopLossHunter_Initial_4,2021-Nov-05 19:13:49.576453,2021-Nov-05 19:13:49.576453,FILLED,FILL,MSFT,BUY,MARKET,DAY,0.000000,1,0,1,0,335.910000,0.001200,SIM-1001-101,dlariviere,FILL_SIMULATOR,IEX,367700740145448,,,
StopLossHunter_Initial_4,2021-Nov-05 19:13:53.429497,2021-Nov-05 19:13:53.429497,FILLED,FILL,MSFT,SELL,MARKET,DAY,0.000000,-1,0,-1,0,335.880000,0.008724,SIM-1001-101,dlariviere,FILL_SIMULATOR,IEX,367700740145449,,,
StopLossHunter_Initial_4,2021-Nov-05 19:14:30.733219,2021-Nov-05 19:14:30.733219,FILLED,FILL,MSFT,BUY,MARKET,DAY,0.000000,1,0,1,0,337.000000,0.001200,SIM-1001-101,dlariviere,FILL_SIMULATOR,IEX,367700740145450,,,
StopLossHunter_Initial_4,2021-Nov-05 19:14:36.119033,2021-Nov-05 19:14:36.119033,FILLED,FILL,MSFT,SELL,MARKET,DAY,0.000000,-1,0,-1,0,333.000000,0.008659,SIM-1001-101,dlariviere,FILL_SIMULATOR,IEX,367700740145451,,,
StopLossHunter_Initial_4,2021-Nov-05 19:14:37.408865,2021-Nov-05 19:14:37.408865,FILLED,FILL,MSFT,BUY,MARKET,DAY,0.000000,1,0,1,0,337.000000,0.001200,SIM-1001-101,dlariviere,FILL_SIMULATOR,IEX,367700740145452,,,
StopLossHunter_Initial_4,2021-Nov-05 19:14:43.505295,2021-Nov-05 19:14:43.505295,FILLED,FILL,MSFT,SELL,MARKET,DAY,0.000000,-1,0,-1,0,335.940000,0.008725,SIM-1001-101,dlariviere,FILL_SIMULATOR,IEX,367700740145453,,,
StopLossHunter_Initial_4,2021-Nov-05 19:14:49.054676,2021-Nov-05 19:14:49.054676,FILLED,FILL,MSFT,BUY,MARKET,DAY,0.000000,1,0,1,0,335.960000,0.001200,SIM-1001-101,dlariviere,FILL_SIMULATOR,IEX,367700740145454,,,
StopLossHunter_Initial_4,2021-Nov-05 19:15:15.343546,2021-Nov-05 19:15:15.343546,FILLED,FILL,MSFT,SELL,MARKET,DAY,0.000000,-1,0,-1,0,335.890000,0.008724,SIM-1001-101,dlariviere,FILL_SIMULATOR,IEX,367700740145455,,,
StopLossHunter_Initial_4,2021-Nov-05 19:17:46.777413,2021-Nov-05 19:17:46.777413,FILLED,FILL,MSFT,BUY,MARKET,DAY,0.000000,1,0,1,0,336.050000,0.001200,SIM-1001-101,dlariviere,FILL_SIMULATOR,IEX,367700740145456,,,
StopLossHunter_Initial_4,2021-Nov-05 19:17:46.833555,2021-Nov-05 19:17:46.833555,FILLED,FILL,MSFT,SELL,MARKET,DAY,0.000000,-1,0,-1,0,336.020000,0.008727,SIM-1001-101,dlariviere,FILL_SIMULATOR,IEX,367700740145457,,,
StopLossHunter_Initial_4,2021-Nov-05 19:17:46.833669,2021-Nov-05 19:17:46.833669,FILLED,FILL,MSFT,BUY,MARKET,DAY,0.000000,1,0,1,0,336.050000,0.001200,SIM-1001-101,dlariviere,FILL_SIMULATOR,IEX,367700740145458,,,
StopLossHunter_Initial_4,2021-Nov-05 19:18:03.440199,2021-Nov-05 19:18:03.440199,FILLED,FILL,MSFT,SELL,MARKET,DAY,0.000000,-1,0,-1,0,335.990000,0.008726,SIM-1001-101,dlariviere,FILL_SIMULATOR,IEX,367700740145459,,,
StopLossHunter_Initial_4,2021-Nov-05 19:18:18.577413,2021-Nov-05 19:18:18.577413,FILLED,FILL,MSFT,BUY,MARKET,DAY,0.000000,1,0,1,0,336.030000,0.001200,SIM-1001-101,dlariviere,FILL_SIMULATOR,IEX,367700740145460,,,
StopLossHunter_Initial_4,2021-Nov-05 19:18:21.942760,2021-Nov-05 19:18:21.942760,FILLED,FILL,MSFT,SELL,MARKET,DAY,0.000000,-1,0,-1,0,336.080000,0.008728,SIM-1001-101,dlariviere,FILL_SIMULATOR,IEX,367700740145461,,,
StopLossHunter_Initial_4,2021-Nov-05 19:18:37.595364,2021-Nov-05 19:18:37.595364,FILLED,FILL,MSFT,BUY,MARKET,DAY,0.000000,1,0,1,0,336.060000,0.001200,SIM-1001-101,dlariviere,FILL_SIMULATOR,IEX,367700740145462,,,
StopLossHunter_Initial_4,2021-Nov-05 19:18:54.726988,2021-Nov-05 19:18:54.726988,FILLED,FILL,MSFT,SELL,MARKET,DAY,0.000000,-1,0,-1,0,336.090000,0.008728,SIM-1001-101,dlariviere,FILL_SIMULATOR,IEX,367700740145463,,,
StopLossHunter_Initial_4,2021-Nov-05 19:19:01.386786,2021-Nov-05 19:19:01.386786,FILLED,FILL,MSFT,BUY,MARKET,DAY,0.000000,1,0,1,0,337.000000,0.001200,SIM-1001-101,dlariviere,FILL_SIMULATOR,IEX,367700740145464,,,
StopLossHunter_Initial_4,2021-Nov-05 19:19:05.871745,2021-Nov-05 19:19:05.871745,FILLED,FILL,MSFT,SELL,MARKET,DAY,0.000000,-1,0,-1,0,336.090000,0.008728,SIM-1001-101,dlariviere,FILL_SIMULATOR,IEX,367700740145465,,,
StopLossHunter_Initial_4,2021-Nov-05 19:19:05.871745,2021-Nov-05 19:19:05.871745,FILLED,FILL,MSFT,BUY,MARKET,DAY,0.000000,1,0,1,0,336.110000,0.001200,SIM-1001-101,dlariviere,FILL_SIMULATOR,IEX,367700740145466,,,
StopLossHunter_Initial_4,2021-Nov-05 19:19:21.434782,2021-Nov-05 19:19:21.434782,FILLED,FILL,MSFT,SELL,MARKET,DAY,0.000000,-1,0,-1,0,336.070000,0.008728,SIM-1001-101,dlariviere,FILL_SIMULATOR,IEX,367700740145467,,,
StopLossHunter_Initial_4,2021-Nov-05 19:29:29.415546,2021-Nov-05 19:29:29.415546,FILLED,FILL,MSFT,BUY,MARKET,DAY,0.000000,1,0,1,0,336.180000,0.001200,SIM-1001-101,dlariviere,FILL_SIMULATOR,IEX,367700740145468,,,
StopLossHunter_Initial_4,2021-Nov-05 19:29:29.688494,2021-Nov-05 19:29:29.688494,FILLED,FILL,MSFT,SELL,MARKET,DAY,0.000000,-1,0,-1,0,336.150000,0.008730,SIM-1001-101,dlariviere,FILL_SIMULATOR,IEX,367700740145469,,,
StopLossHunter_Initial_4,2021-Nov-05 19:29:33.637021,2021-Nov-05 19:29:33.637021,FILLED,FILL,MSFT,BUY,MARKET,DAY,0.000000,1,0,1,0,336.160000,0.001200,SIM-1001-101,dlariviere,FILL_SIMULATOR,IEX,367700740145470,,,
StopLossHunter_Initial_4,2021-Nov-05 19:29:41.444658,2021-Nov-05 19:29:41.444658,FILLED,FILL,MSFT,SELL,MARKET,DAY,0.000000,-1,0,-1,0,336.120000,0.008729,SIM-1001-101,dlariviere,FILL_SIMULATOR,IEX,367700740145471,,,
StopLossHunter_Initial_4,2021-Nov-05 19:29:44.039271,2021-Nov-05 19:29:44.039271,FILLED,FILL,MSFT,BUY,MARKET,DAY,0.000000,1,0,1,0,336.140000,0.001200,SIM-1001-101,dlariviere,FILL_SIMULATOR,IEX,367700740145472,,,
StopLossHunter_Initial_4,2021-Nov-05 19:30:07.051380,2021-Nov-05 19:30:07.051380,FILLED,FILL,MSFT,SELL,MARKET,DAY,0.000000,-1,0,-1,0,336.100000,0.008729,SIM-1001-101,dlariviere,FILL_SIMULATOR,IEX,367700740145473,,,
StopLossHunter_Initial_4,2021-Nov-05 19:30:10.071661,2021-Nov-05 19:30:10.071661,FILLED,FILL,MSFT,BUY,MARKET,DAY,0.000000,1,0,1,0,337.000000,0.001200,SIM-1001-101,dlariviere,FILL_SIMULATOR,IEX,367700740145474,,,
StopLossHunter_Initial_4,2021-Nov-05 19:30:11.808666,2021-Nov-05 19:30:11.808666,FILLED,FILL,MSFT,SELL,MARKET,DAY,0.000000,-1,0,-1,0,336.170000,0.008730,SIM-1001-101,dlariviere,FILL_SIMULATOR,IEX,367700740145475,,,
StopLossHunter_Initial_4,2021-Nov-05 19:30:14.741431,2021-Nov-05 19:30:14.741431,FILLED,FILL,MSFT,BUY,MARKET,DAY,0.000000,1,0,1,0,337.000000,0.001200,SIM-1001-101,dlariviere,FILL_SIMULATOR,IEX,367700740145476,,,
StopLossHunter_Initial_4,2021-Nov-05 19:30:14.741442,2021-Nov-05 19:30:14.741442,FILLED,FILL,MSFT,SELL,MARKET,DAY,0.000000,-1,0,-1,0,336.170000,0.008730,SIM-1001-101,dlariviere,FILL_SIMULATOR,IEX,367700740145477,,,
StopLossHunter_Initial_4,2021-Nov-05 19:30:31.014532,2021-Nov-05 19:30:31.014532,FILLED,FILL,MSFT,BUY,MARKET,DAY,0.000000,1,0,1,0,336.190000,0.001200,SIM-1001-101,dlariviere,FILL_SIMULATOR,IEX,367700740145478,,,
StopLossHunter_Initial_4,2021-Nov-05 19:30:44.927600,2021-Nov-05 19:30:44.927600,FILLED,FILL,MSFT,SELL,MARKET,DAY,0.000000,-1,0,-1,0,336.110000,0.008729,SIM-1001-101,dlariviere,FILL_SIMULATOR,IEX,367700740145479,,,
StopLossHunter_Initial_4,2021-Nov-05 19:32:02.220736,2021-Nov-05 19:32:02.220736,FILLED,FILL,MSFT,BUY,MARKET,DAY,0.000000,1,0,1,0,337.000000,0.001200,SIM-1001-101,dlariviere,FILL_SIMULATOR,IEX,367700740145480,,,
StopLossHunter_Initial_4,2021-Nov-05 19:32:02.297844,2021-Nov-05 19:32:02.297844,FILLED,FILL,MSFT,SELL,MARKET,DAY,0.000000,-1,0,-1,0,336.030000,0.008727,SIM-1001-101,dlariviere,FILL_SIMULATOR,IEX,367700740145481,,,
StopLossHunter_Initial_4,2021-Nov-05 19:32:18.472674,2021-Nov-05 19:32:18.472674,FILLED,FILL,MSFT,BUY,MARKET,DAY,0.000000,1,0,1,0,336.220000,0.001200,SIM-1001-101,dlariviere,FILL_SIMULATOR,IEX,367700740145482,,,
StopLossHunter_Initial_4,2021-Nov-05 19:32:18.563131,2021-Nov-05 19:32:18.563131,FILLED,FILL,MSFT,SELL,MARKET,DAY,0.000000,-1,0,-1,0,333.000000,0.008659,SIM-1001-101,dlariviere,FILL_SIMULATOR,IEX,367700740145483,,,
StopLossHunter_Initial_4,2021-Nov-05 19:32:28.048080,2021-Nov-05 19:32:28.048080,FILLED,FILL,MSFT,BUY,MARKET,DAY,0.000000,1,0,1,0,336.260000,0.001200,SIM-1001-101,dlariviere,FILL_SIMULATOR,IEX,367700740145484,,,
StopLossHunter_Initial_4,2021-Nov-05 19:32:41.134235,2021-Nov-05 19:32:41.134235,FILLED,FILL,MSFT,SELL,MARKET,DAY,0.000000,-1,0,-1,0,336.200000,0.008731,SIM-1001-101,dlariviere,FILL_SIMULATOR,IEX,367700740145485,,,
StopLossHunter_Initial_4,2021-Nov-05 19:32:44.418639,2021-Nov-05 19:32:44.418639,FILLED,FILL,MSFT,BUY,MARKET,DAY,0.000000,1,0,1,0,336.260000,0.001200,SIM-1001-101,dlariviere,FILL_SIMULATOR,IEX,367700740145486,,,
StopLossHunter_Initial_4,2021-Nov-05 19:32:54.746636,2021-Nov-05 19:32:54.746636,FILLED,FILL,MSFT,SELL,MARKET,DAY,0.000000,-1,0,-1,0,333.000000,0.008659,SIM-1001-101,dlariviere,FILL_SIMULATOR,IEX,367700740145487,,,
StopLossHunter_Initial_4,2021-Nov-05 19:33:01.033149,2021-Nov-05 19:33:01.033149,FILLED,FILL,MSFT,BUY,MARKET,DAY,0.000000,1,0,1,0,336.250000,0.001200,SIM-1001-101,dlariviere,FILL_SIMULATOR,IEX,367700740145488,,,
StopLossHunter_Initial_4,2021-Nov-05 19:33:02.510607,2021-Nov-05 19:33:02.510607,FILLED,FILL,MSFT,SELL,MARKET,DAY,0.000000,-1,0,-1,0,336.190000,0.008731,SIM-1001-101,dlariviere,FILL_SIMULATOR,IEX,367700740145489,,,
StopLossHunter_Initial_4,2021-Nov-05 19:33:20.318333,2021-Nov-05 19:33:20.318333,FILLED,FILL,MSFT,BUY,MARKET,DAY,0.000000,1,0,1,0,336.250000,0.001200,SIM-1001-101,dlariviere,FILL_SIMULATOR,IEX,367700740145490,,,
StopLossHunter_Initial_4,2021-Nov-05 19:33:50.987442,2021-Nov-05 19:33:50.987442,FILLED,FILL,MSFT,SELL,MARKET,DAY,0.000000,-1,0,-1,0,336.290000,0.008733,SIM-1001-101,dlariviere,FILL_SIMULATOR,IEX,367700740145491,,,
StopLossHunter_Initial_4,2021-Nov-05 19:33:52.228647,2021-Nov-05 19:33:52.228647,FILLED,FILL,MSFT,BUY,MARKET,DAY,0.000000,1,0,1,0,336.300000,0.001200,SIM-1001-101,dlariviere,FILL_SIMULATOR,IEX,367700740145492,,,
StopLossHunter_Initial_4,2021-Nov-05 19:34:04.532387,2021-Nov-05 19:34:04.532387,FILLED,FILL,MSFT,SELL,MARKET,DAY,0.000000,-1,0,-1,0,333.000000,0.008659,SIM-1001-101,dlariviere,FILL_SIMULATOR,IEX,367700740145493,,,
StopLossHunter_Initial_4,2021-Nov-05 19:34:04.651546,2021-Nov-05 19:34:04.651546,FILLED,FILL,MSFT,BUY,MARKET,DAY,0.000000,1,0,1,0,336.380000,0.001200,SIM-1001-101,dlariviere,FILL_SIMULATOR,IEX,367700740145494,,,
StopLossHunter_Initial_4,2021-Nov-05 19:34:10.172037,2021-Nov-05 19:34:10.172037,FILLED,FILL,MSFT,SELL,MARKET,DAY,0.000000,-1,0,-1,0,336.310000,0.008733,SIM-1001-101,dlariviere,FILL_SIMULATOR,IEX,367700740145495,,,
StopLossHunter_Initial_4,2021-Nov-05 19:34:13.235321,2021-Nov-05 19:34:13.235321,FILLED,FILL,MSFT,BUY,MARKET,DAY,0.000000,1,0,1,0,336.360000,0.001200,SIM-1001-101,dlariviere,FILL_SIMULATOR,IEX,367700740145496,,,
StopLossHunter_Initial_4,2021-Nov-05 19:34:18.247540,2021-Nov-05 19:34:18.247540,FILLED,FILL,MSFT,SELL,MARKET,DAY,0.000000,-1,0,-1,0,336.400000,0.008735,SIM-1001-101,dlariviere,FILL_SIMULATOR,IEX,367700740145497,,,
StopLossHunter_Initial_4,2021-Nov-05 19:34:19.988680,2021-Nov-05 19:34:19.988680,FILLED,FILL,MSFT,BUY,MARKET,DAY,0.000000,1,0,1,0,337.000000,0.001200,SIM-1001-101,dlariviere,FILL_SIMULATOR,IEX,367700740145498,,,
StopLossHunter_Initial_4,2021-Nov-05 19:34:22.430309,2021-Nov-05 19:34:22.430309,FILLED,FILL,MSFT,SELL,MARKET,DAY,0.000000,-1,0,-1,0,336.460000,0.008737,SIM-1001-101,dlariviere,FILL_SIMULATOR,IEX,367700740145499,,,
StopLossHunter_Initial_4,2021-Nov-05 19:34:22.438234,2021-Nov-05 19:34:22.438234,FILLED,FILL,MSFT,BUY,MARKET,DAY,0.000000,1,0,1,0,337.000000,0.001200,SIM-1001-101,dlariviere,FILL_SIMULATOR,IEX,367700740145500,,,
StopLossHunter_Initial_4,2021-Nov-05 19:34:24.429987,2021-Nov-05 19:34:24.429987,FILLED,FILL,MSFT,SELL,MARKET,DAY,0.000000,-1,0,-1,0,336.460000,0.008737,SIM-1001-101,dlariviere,FILL_SIMULATOR,IEX,367700740145501,,,
StopLossHunter_Initial_4,2021-Nov-05 19:34:28.738180,2021-Nov-05 19:34:28.738180,FILLED,FILL,MSFT,BUY,MARKET,DAY,0.000000,1,0,1,0,336.500000,0.001200,SIM-1001-101,dlariviere,FILL_SIMULATOR,IEX,367700740145502,,,
StopLossHunter_Initial_4,2021-Nov-05 19:34:36.254934,2021-Nov-05 19:34:36.254934,FILLED,FILL,MSFT,SELL,MARKET,DAY,0.000000,-1,0,-1,0,336.570000,0.008739,SIM-1001-101,dlariviere,FILL_SIMULATOR,IEX,367700740145503,,,
StopLossHunter_Initial_4,2021-Nov-05 19:34:36.271619,2021-Nov-05 19:34:36.271619,FILLED,FILL,MSFT,BUY,MARKET,DAY,0.000000,1,0,1,0,337.000000,0.001200,SIM-1001-101,dlariviere,FILL_SIMULATOR,IEX,367700740145504,,,
StopLossHunter_Initial_4,2021-Nov-05 19:34:36.277108,2021-Nov-05 19:34:36.277108,FILLED,FILL,MSFT,SELL,MARKET,DAY,0.000000,-1,0,-1,0,336.590000,0.008740,SIM-1001-101,dlariviere,FILL_SIMULATOR,IEX,367700740145505,,,
StopLossHunter_Initial_4,2021-Nov-05 19:34:36.284699,2021-Nov-05 19:34:36.284699,FILLED,FILL,MSFT,BUY,MARKET,DAY,0.000000,1,0,1,0,337.000000,0.001200,SIM-1001-101,dlariviere,FILL_SIMULATOR,IEX,367700740145506,,,
StopLossHunter_Initial_4,2021-Nov-05 19:34:36.291937,2021-Nov-05 19:34:36.291937,FILLED,FILL,MSFT,SELL,MARKET,DAY,0.000000,-1,0,-1,0,336.570000,0.008739,SIM-1001-101,dlariviere,FILL_SIMULATOR,IEX,367700740145507,,,
StopLossHunter_Initial_4,2021-Nov-05 19:34:43.827571,2021-Nov-05 19:34:43.827571,FILLED,FILL,MSFT,BUY,MARKET,DAY,0.000000,1,0,1,0,336.580000,0.001200,SIM-1001-101,dlariviere,FILL_SIMULATOR,IEX,367700740145508,,,
StopLossHunter_Initial_4,2021-Nov-05 19:34:50.941520,2021-Nov-05 19:34:50.941520,FILLED,FILL,MSFT,SELL,MARKET,DAY,0.000000,-1,0,-1,0,336.550000,0.008739,SIM-1001-101,dlariviere,FILL_SIMULATOR,IEX,367700740145509,,,
StopLossHunter_Initial_4,2021-Nov-05 19:34:54.470228,2021-Nov-05 19:34:54.470228,FILLED,FILL,MSFT,BUY,MARKET,DAY,0.000000,1,0,1,0,336.690000,0.001200,SIM-1001-101,dlariviere,FILL_SIMULATOR,IEX,367700740145510,,,
StopLossHunter_Initial_4,2021-Nov-05 19:35:01.962959,2021-Nov-05 19:35:01.962959,FILLED,FILL,MSFT,SELL,MARKET,DAY,0.000000,-1,0,-1,0,336.570000,0.008739,SIM-1001-101,dlariviere,FILL_SIMULATOR,IEX,367700740145511,,,
StopLossHunter_Initial_4,2021-Nov-05 19:35:11.213405,2021-Nov-05 19:35:11.213405,FILLED,FILL,MSFT,BUY,MARKET,DAY,0.000000,1,0,1,0,337.000000,0.001200,SIM-1001-101,dlariviere,FILL_SIMULATOR,IEX,367700740145512,,,
StopLossHunter_Initial_4,2021-Nov-05 19:35:15.782938,2021-Nov-05 19:35:15.782938,FILLED,FILL,MSFT,SELL,MARKET,DAY,0.000000,-1,0,-1,0,333.000000,0.008659,SIM-1001-101,dlariviere,FILL_SIMULATOR,IEX,367700740145513,,,
StopLossHunter_Initial_4,2021-Nov-05 19:35:18.083898,2021-Nov-05 19:35:18.083898,FILLED,FILL,MSFT,BUY,MARKET,DAY,0.000000,1,0,1,0,337.000000,0.001200,SIM-1001-101,dlariviere,FILL_SIMULATOR,IEX,367700740145514,,,
StopLossHunter_Initial_4,2021-Nov-05 19:35:18.722892,2021-Nov-05 19:35:18.722892,FILLED,FILL,MSFT,SELL,MARKET,DAY,0.000000,-1,0,-1,0,336.690000,0.008742,SIM-1001-101,dlariviere,FILL_SIMULATOR,IEX,367700740145515,,,
StopLossHunter_Initial_4,2021-Nov-05 19:35:20.534557,2021-Nov-05 19:35:20.534557,FILLED,FILL,MSFT,BUY,MARKET,DAY,0.000000,1,0,1,0,337.000000,0.001200,SIM-1001-101,dlariviere,FILL_SIMULATOR,IEX,367700740145516,,,
StopLossHunter_Initial_4,2021-Nov-05 19:35:21.697583,2021-Nov-05 19:35:21.697583,FILLED,FILL,MSFT,SELL,MARKET,DAY,0.000000,-1,0,-1,0,333.000000,0.008659,SIM-1001-101,dlariviere,FILL_SIMULATOR,IEX,367700740145517,,,
StopLossHunter_Initial_4,2021-Nov-05 19:35:21.726095,2021-Nov-05 19:35:21.726095,FILLED,FILL,MSFT,BUY,MARKET,DAY,0.000000,1,0,1,0,337.000000,0.001200,SIM-1001-101,dlariviere,FILL_SIMULATOR,IEX,367700740145518,,,
StopLossHunter_Initial_4,2021-Nov-05 19:35:30.189097,2021-Nov-05 19:35:30.189097,FILLED,FILL,MSFT,SELL,MARKET,DAY,0.000000,-1,0,-1,0,333.000000,0.008659,SIM-1001-101,dlariviere,FILL_SIMULATOR,IEX,367700740145519,,,
StopLossHunter_Initial_4,2021-Nov-05 19:35:36.236601,2021-Nov-05 19:35:36.236601,FILLED,FILL,MSFT,BUY,MARKET,DAY,0.000000,1,0,1,0,337.000000,0.001200,SIM-1001-101,dlariviere,FILL_SIMULATOR,IEX,367700740145520,,,
StopLossHunter_Initial_4,2021-Nov-05 19:35:37.102725,2021-Nov-05 19:35:37.102725,FILLED,FILL,MSFT,SELL,MARKET,DAY,0.000000,-1,0,-1,0,336.890000,0.008746,SIM-1001-101,dlariviere,FILL_SIMULATOR,IEX,367700740145521,,,
StopLossHunter_Initial_4,2021-Nov-05 19:35:41.211399,2021-Nov-05 19:35:41.211399,FILLED,FILL,MSFT,BUY,MARKET,DAY,0.000000,1,0,1,0,337.000000,0.001200,SIM-1001-101,dlariviere,FILL_SIMULATOR,IEX,367700740145522,,,
StopLossHunter_Initial_4,2021-Nov-05 19:35:43.191858,2021-Nov-05 19:35:43.191858,FILLED,FILL,MSFT,SELL,MARKET,DAY,0.000000,-1,0,-1,0,336.860000,0.008746,SIM-1001-101,dlariviere,FILL_SIMULATOR,IEX,367700740145523,,,
StopLossHunter_Initial_4,2021-Nov-05 19:35:43.704419,2021-Nov-05 19:35:43.704419,FILLED,FILL,MSFT,BUY,MARKET,DAY,0.000000,1,0,1,0,337.000000,0.001200,SIM-1001-101,dlariviere,FILL_SIMULATOR,IEX,367700740145524,,,
StopLossHunter_Initial_4,2021-Nov-05 19:35:45.143286,2021-Nov-05 19:35:45.143286,FILLED,FILL,MSFT,SELL,MARKET,DAY,0.000000,-1,0,-1,0,333.000000,0.008659,SIM-1001-101,dlariviere,FILL_SIMULATOR,IEX,367700740145525,,,
StopLossHunter_Initial_4,2021-Nov-05 19:35:47.700672,2021-Nov-05 19:35:47.700672,FILLED,FILL,MSFT,BUY,MARKET,DAY,0.000000,1,0,1,0,337.000000,0.001200,SIM-1001-101,dlariviere,FILL_SIMULATOR,IEX,367700740145526,,,
StopLossHunter_Initial_4,2021-Nov-05 19:35:52.025093,2021-Nov-05 19:35:52.025093,FILLED,FILL,MSFT,SELL,MARKET,DAY,0.000000,-1,0,-1,0,336.890000,0.008746,SIM-1001-101,dlariviere,FILL_SIMULATOR,IEX,367700740145527,,,
StopLossHunter_Initial_4,2021-Nov-05 19:35:52.935134,2021-Nov-05 19:35:52.935134,FILLED,FILL,MSFT,BUY,MARKET,DAY,0.000000,1,0,1,0,337.000000,0.001200,SIM-1001-101,dlariviere,FILL_SIMULATOR,IEX,367700740145528,,,
StopLossHunter_Initial_4,2021-Nov-05 19:35:55.924800,2021-Nov-05 19:35:55.924800,FILLED,FILL,MSFT,SELL,MARKET,DAY,0.000000,-1,0,-1,0,333.000000,0.008659,SIM-1001-101,dlariviere,FILL_SIMULATOR,IEX,367700740145529,,,
StopLossHunter_Initial_4,2021-Nov-05 19:35:56.025177,2021-Nov-05 19:35:56.025177,FILLED,FILL,MSFT,BUY,MARKET,DAY,0.000000,1,0,1,0,336.940000,0.001200,SIM-1001-101,dlariviere,FILL_SIMULATOR,IEX,367700740145530,,,
StopLossHunter_Initial_4,2021-Nov-05 19:35:57.431784,2021-Nov-05 19:35:57.431784,FILLED,FILL,MSFT,SELL,MARKET,DAY,0.000000,-1,0,-1,0,336.990000,0.008749,SIM-1001-101,dlariviere,FILL_SIMULATOR,IEX,367700740145531,,,
StopLossHunter_Initial_4,2021-Nov-05 19:53:48.710813,2021-Nov-05 19:53:48.710813,FILLED,FILL,MSFT,SELL,MARKET,DAY,0.000000,-1,0,-1,0,336.230000,0.008732,SIM-1001-101,dlariviere,FILL_SIMULATOR,IEX,367700740145532,,,
StopLossHunter_Initial_4,2021-Nov-05 19:53:59.855683,2021-Nov-05 19:53:59.855683,FILLED,FILL,MSFT,BUY,MARKET,DAY,0.000000,1,0,1,0,336.300000,0.001200,SIM-1001-101,dlariviere,FILL_SIMULATOR,IEX,367700740145533,,,
StopLossHunter_Initial_4,2021-Nov-05 19:54:01.666511,2021-Nov-05 19:54:01.666511,FILLED,FILL,MSFT,SELL,MARKET,DAY,0.000000,-1,0,-1,0,336.190000,0.008731,SIM-1001-101,dlariviere,FILL_SIMULATOR,IEX,367700740145534,,,
StopLossHunter_Initial_4,2021-Nov-05 19:54:02.231038,2021-Nov-05 19:54:02.231038,FILLED,FILL,MSFT,BUY,MARKET,DAY,0.000000,1,0,1,0,336.240000,0.001200,SIM-1001-101,dlariviere,FILL_SIMULATOR,IEX,367700740145535,,,
StopLossHunter_Initial_4,2021-Nov-05 19:54:05.996879,2021-Nov-05 19:54:05.996879,FILLED,FILL,MSFT,SELL,MARKET,DAY,0.000000,-1,0,-1,0,336.240000,0.008732,SIM-1001-101,dlariviere,FILL_SIMULATOR,IEX,367700740145536,,,
StopLossHunter_Initial_4,2021-Nov-05 19:54:08.771761,2021-Nov-05 19:54:08.771761,FILLED,FILL,MSFT,BUY,MARKET,DAY,0.000000,1,0,1,0,336.220000,0.001200,SIM-1001-101,dlariviere,FILL_SIMULATOR,IEX,367700740145537,,,
StopLossHunter_Initial_4,2021-Nov-05 19:54:09.457315,2021-Nov-05 19:54:09.457315,FILLED,FILL,MSFT,SELL,MARKET,DAY,0.000000,-1,0,-1,0,336.160000,0.008730,SIM-1001-101,dlariviere,FILL_SIMULATOR,IEX,367700740145538,,,
StopLossHunter_Initial_4,2021-Nov-05 19:54:14.562213,2021-Nov-05 19:54:14.562213,FILLED,FILL,MSFT,BUY,MARKET,DAY,0.000000,1,0,1,0,342.500000,0.001200,SIM-1001-101,dlariviere,FILL_SIMULATOR,IEX,367700740145539,,,
StopLossHunter_Initial_4,2021-Nov-05 19:54:15.566220,2021-Nov-05 19:54:15.566220,FILLED,FILL,MSFT,SELL,MARKET,DAY,0.000000,-1,0,-1,0,336.150000,0.008730,SIM-1001-101,dlariviere,FILL_SIMULATOR,IEX,367700740145540,,,
StopLossHunter_Initial_4,2021-Nov-05 19:54:37.061999,2021-Nov-05 19:54:37.061999,FILLED,FILL,MSFT,BUY,MARKET,DAY,0.000000,1,0,1,0,336.110000,0.001200,SIM-1001-101,dlariviere,FILL_SIMULATOR,IEX,367700740145541,,,
StopLossHunter_Initial_4,2021-Nov-05 19:54:37.062027,2021-Nov-05 19:54:37.062027,FILLED,FILL,MSFT,SELL,MARKET,DAY,0.000000,-1,0,-1,0,336.080000,0.008728,SIM-1001-101,dlariviere,FILL_SIMULATOR,IEX,367700740145542,,,
StopLossHunter_Initial_4,2021-Nov-05 19:54:44.037236,2021-Nov-05 19:54:44.037236,FILLED,FILL,MSFT,BUY,MARKET,DAY,0.000000,1,0,1,0,336.120000,0.001200,SIM-1001-101,dlariviere,FILL_SIMULATOR,IEX,367700740145543,,,
StopLossHunter_Initial_4,2021-Nov-05 19:54:51.419913,2021-Nov-05 19:54:51.419913,FILLED,FILL,MSFT,SELL,MARKET,DAY,0.000000,-1,0,-1,0,336.060000,0.008728,SIM-1001-101,dlariviere,FILL_SIMULATOR,IEX,367700740145544,,,
StopLossHunter_Initial_4,2021-Nov-05 19:54:53.349061,2021-Nov-05 19:54:53.349061,FILLED,FILL,MSFT,BUY,MARKET,DAY,0.000000,1,0,1,0,336.010000,0.001200,SIM-1001-101,dlariviere,FILL_SIMULATOR,IEX,367700740145545,,,
StopLossHunter_Initial_4,2021-Nov-05 19:54:53.349167,2021-Nov-05 19:54:53.349167,FILLED,FILL,MSFT,SELL,MARKET,DAY,0.000000,-1,0,-1,0,333.000000,0.008659,SIM-1001-101,dlariviere,FILL_SIMULATOR,IEX,367700740145546,,,
StopLossHunter_Initial_4,2021-Nov-05 19:54:53.349167,2021-Nov-05 19:54:53.349167,FILLED,FILL,MSFT,BUY,MARKET,DAY,0.000000,1,0,1,0,336.010000,0.001200,SIM-1001-101,dlariviere,FILL_SIMULATOR,IEX,367700740145547,,,
StopLossHunter_Initial_4,2021-Nov-05 19:54:57.628139,2021-Nov-05 19:54:57.628139,FILLED,FILL,MSFT,SELL,MARKET,DAY,0.000000,-1,0,-1,0,336.010000,0.008727,SIM-1001-101,dlariviere,FILL_SIMULATOR,IEX,367700740145548,,,
StopLossHunter_Initial_4,2021-Nov-05 19:54:58.017402,2021-Nov-05 19:54:58.017402,FILLED,FILL,MSFT,BUY,MARKET,DAY,0.000000,1,0,1,0,335.970000,0.001200,SIM-1001-101,dlariviere,FILL_SIMULATOR,IEX,367700740145549,,,
StopLossHunter_Initial_4,2021-Nov-05 19:54:59.951164,2021-Nov-05 19:54:59.951164,FILLED,FILL,MSFT,SELL,MARKET,DAY,0.000000,-1,0,-1,0,335.950000,0.008725,SIM-1001-101,dlariviere,FILL_SIMULATOR,IEX,367700740145550,,,
StopLossHunter_Initial_4,2021-Nov-05 19:55:00.254940,2021-Nov-05 19:55:00.254940,FILLED,FILL,MSFT,BUY,MARKET,DAY,0.000000,1,0,1,0,342.500000,0.001200,SIM-1001-101,dlariviere,FILL_SIMULATOR,IEX,367700740145551,,,
StopLossHunter_Initial_4,2021-Nov-05 19:55:00.254989,2021-Nov-05 19:55:00.254989,FILLED,FILL,MSFT,SELL,MARKET,DAY,0.000000,-1,0,-1,0,333.000000,0.008659,SIM-1001-101,dlariviere,FILL_SIMULATOR,IEX,367700740145552,,,
StopLossHunter_Initial_4,2021-Nov-05 19:55:00.256804,2021-Nov-05 19:55:00.256804,FILLED,FILL,MSFT,BUY,MARKET,DAY,0.000000,1,0,1,0,335.900000,0.001200,SIM-1001-101,dlariviere,FILL_SIMULATOR,IEX,367700740145553,,,
StopLossHunter_Initial_4,2021-Nov-05 19:55:00.265310,2021-Nov-05 19:55:00.265310,FILLED,FILL,MSFT,SELL,MARKET,DAY,0.000000,-1,0,-1,0,335.830000,0.008723,SIM-1001-101,dlariviere,FILL_SIMULATOR,IEX,367700740145554,,,
StopLossHunter_Initial_4,2021-Nov-05 19:55:00.266842,2021-Nov-05 19:55:00.266842,FILLED,FILL,MSFT,BUY,MARKET,DAY,0.000000,1,0,1,0,335.870000,0.001200,SIM-1001-101,dlariviere,FILL_SIMULATOR,IEX,367700740145555,,,
